-- MySQL dump 10.13  Distrib 5.5.54, for debian-linux-gnu (x86_64)
--
-- Host: localhost    Database: dig
-- ------------------------------------------------------
-- Server version	5.5.54-0ubuntu0.14.04.1

/*!40101 SET @OLD_CHARACTER_SET_CLIENT=@@CHARACTER_SET_CLIENT */;
/*!40101 SET @OLD_CHARACTER_SET_RESULTS=@@CHARACTER_SET_RESULTS */;
/*!40101 SET @OLD_COLLATION_CONNECTION=@@COLLATION_CONNECTION */;
/*!40101 SET NAMES utf8 */;
/*!40103 SET @OLD_TIME_ZONE=@@TIME_ZONE */;
/*!40103 SET TIME_ZONE='+00:00' */;
/*!40014 SET @OLD_UNIQUE_CHECKS=@@UNIQUE_CHECKS, UNIQUE_CHECKS=0 */;
/*!40014 SET @OLD_FOREIGN_KEY_CHECKS=@@FOREIGN_KEY_CHECKS, FOREIGN_KEY_CHECKS=0 */;
/*!40101 SET @OLD_SQL_MODE=@@SQL_MODE, SQL_MODE='NO_AUTO_VALUE_ON_ZERO' */;
/*!40111 SET @OLD_SQL_NOTES=@@SQL_NOTES, SQL_NOTES=0 */;

--
-- Table structure for table `banners`
--

DROP TABLE IF EXISTS `banners`;
/*!40101 SET @saved_cs_client     = @@character_set_client */;
/*!40101 SET character_set_client = utf8 */;
CREATE TABLE `banners` (
  `id` int(10) unsigned NOT NULL AUTO_INCREMENT,
  `display_name` varchar(255) COLLATE utf8mb4_unicode_ci NOT NULL,
  `url` varchar(255) COLLATE utf8mb4_unicode_ci DEFAULT '',
  `pic_url` varchar(255) COLLATE utf8mb4_unicode_ci DEFAULT '',
  `type` int(11) NOT NULL,
  `description` text COLLATE utf8mb4_unicode_ci,
  `created_at` timestamp NULL DEFAULT NULL,
  `updated_at` timestamp NULL DEFAULT NULL,
  `deleted_at` timestamp NULL DEFAULT NULL,
  PRIMARY KEY (`id`)
) ENGINE=InnoDB AUTO_INCREMENT=4 DEFAULT CHARSET=utf8mb4 COLLATE=utf8mb4_unicode_ci;
/*!40101 SET character_set_client = @saved_cs_client */;

--
-- Dumping data for table `banners`
--

LOCK TABLES `banners` WRITE;
/*!40000 ALTER TABLE `banners` DISABLE KEYS */;
INSERT INTO `banners` VALUES (1,'首页banner','http://baidu.com','/files/d0afd3c9545e64cd97cba71884acb011.jpeg',0,'具体描述','2017-03-16 19:08:32','2017-03-16 19:08:32',NULL),(2,'破产收购','http://baidu.com','/files/9412f35e4773896fea0140edec574788.png',0,'等收购','2017-03-16 19:09:28','2017-03-16 19:09:28',NULL),(3,'铲腿子之铲','qq.com','/files/38cbdcd05ab6433c05a6a56eb78cebe3.jpeg',0,'踢球带上铲腿子','2017-03-17 01:01:14','2017-03-24 04:44:52',NULL);
/*!40000 ALTER TABLE `banners` ENABLE KEYS */;
UNLOCK TABLES;

--
-- Table structure for table `categories`
--

DROP TABLE IF EXISTS `categories`;
/*!40101 SET @saved_cs_client     = @@character_set_client */;
/*!40101 SET character_set_client = utf8 */;
CREATE TABLE `categories` (
  `id` int(10) unsigned NOT NULL AUTO_INCREMENT,
  `display_name` varchar(191) COLLATE utf8mb4_unicode_ci NOT NULL,
  `parent_id` int(11) NOT NULL,
  `pic_url` varchar(191) COLLATE utf8mb4_unicode_ci NOT NULL,
  `type` int(11) NOT NULL,
  `url` varchar(191) COLLATE utf8mb4_unicode_ci NOT NULL,
  `created_at` timestamp NULL DEFAULT NULL,
  `updated_at` timestamp NULL DEFAULT NULL,
  `deleted_at` timestamp NULL DEFAULT NULL,
  PRIMARY KEY (`id`)
) ENGINE=InnoDB AUTO_INCREMENT=148 DEFAULT CHARSET=utf8mb4 COLLATE=utf8mb4_unicode_ci;
/*!40101 SET character_set_client = @saved_cs_client */;

--
-- Dumping data for table `categories`
--

LOCK TABLES `categories` WRITE;
/*!40000 ALTER TABLE `categories` DISABLE KEYS */;
INSERT INTO `categories` VALUES (1,'工程公司业务员',0,'',3,'','2017-03-16 18:52:42','2017-03-23 21:36:20','2017-03-23 21:36:20'),(2,'挖掘机',0,'',1,'','2017-03-16 19:06:16','2017-03-23 21:59:52','2017-03-23 21:59:52'),(3,'挖掘机业主',0,'',3,'','2017-03-16 19:06:35','2017-03-23 21:59:56','2017-03-23 21:59:56'),(4,'挖掘机',0,'',6,'','2017-03-16 19:54:41','2017-03-23 21:59:53','2017-03-23 21:59:53'),(5,'挖掘机钥匙',0,'',6,'','2017-03-16 19:54:50','2017-03-23 22:00:05','2017-03-23 22:00:05'),(6,'挖掘机',0,'',2,'','2017-03-16 22:07:44','2017-03-23 21:59:54','2017-03-23 21:59:54'),(7,'破碎锤',0,'',5,'','2017-03-17 00:46:21','2017-03-23 22:00:22','2017-03-23 22:00:22'),(8,'破碎锤之王',0,'',4,'','2017-03-17 00:46:59','2017-03-23 21:53:44','2017-03-23 21:53:44'),(9,'挖掘机铲',0,'',4,'','2017-03-19 23:03:37','2017-03-23 22:00:07','2017-03-23 22:00:07'),(10,'手套',0,'',5,'','2017-03-19 23:04:07','2017-03-19 23:05:27','2017-03-19 23:05:27'),(11,'手套',0,'',6,'','2017-03-19 23:05:09','2017-03-23 21:59:38','2017-03-23 21:59:38'),(12,'耳机',0,'',5,'','2017-03-19 23:09:00','2017-03-23 22:00:35','2017-03-23 22:00:35'),(13,'挖掘机配件',6,'',2,'','2017-03-19 23:13:16','2017-03-23 21:59:59','2017-03-23 21:59:59'),(14,'小松PC',6,'',2,'','2017-03-22 06:58:10','2017-03-23 21:59:37','2017-03-23 21:59:37'),(15,'卡特CAT',6,'',2,'','2017-03-22 06:58:21','2017-03-23 21:59:36','2017-03-23 21:59:36'),(16,'日立EX,ZX',6,'',2,'','2017-03-22 06:58:29','2017-03-23 22:00:09','2017-03-23 22:00:09'),(17,'加藤HD',6,'',2,'','2017-03-22 06:58:36','2017-03-23 21:59:34','2017-03-23 21:59:34'),(18,'神冈SK',6,'',2,'','2017-03-22 06:58:44','2017-03-23 22:00:34','2017-03-23 22:00:34'),(19,'住友SH',6,'',2,'','2017-03-22 06:58:51','2017-03-23 21:59:27','2017-03-23 21:59:27'),(20,'三一SY',6,'',2,'','2017-03-22 06:58:58','2017-03-23 21:59:23','2017-03-23 21:59:23'),(21,'现代RB',6,'',2,'','2017-03-22 06:59:06','2017-03-23 22:00:20','2017-03-23 22:00:20'),(22,'破碎锤整机',0,'',2,'','2017-03-22 06:59:18','2017-03-23 22:00:25','2017-03-23 22:00:25'),(23,'钎杆200以上',22,'',2,'','2017-03-22 06:59:35','2017-03-23 22:00:48','2017-03-23 22:00:48'),(24,'钎杆180-200',22,'',2,'','2017-03-22 06:59:46','2017-03-23 22:00:46','2017-03-23 22:00:46'),(25,'钎杆175-180',22,'',2,'','2017-03-22 06:59:56','2017-03-23 22:00:45','2017-03-23 22:00:45'),(26,'钎杆165-175',22,'',2,'','2017-03-22 07:00:03','2017-03-23 22:00:43','2017-03-23 22:00:43'),(27,'钎杆145-155',22,'',2,'','2017-03-22 07:00:10','2017-03-23 22:00:41','2017-03-23 22:00:41'),(28,'钎杆140',22,'',2,'','2017-03-22 07:00:16','2017-03-23 22:00:40','2017-03-23 22:00:40'),(29,'钎杆135',22,'',2,'','2017-03-22 07:00:22','2017-03-23 22:00:38','2017-03-23 22:00:38'),(30,'钎杆100-120',22,'',2,'','2017-03-22 07:00:29','2017-03-23 22:00:37','2017-03-23 22:00:37'),(31,'破碎锤配件',0,'',2,'','2017-03-22 07:00:49','2017-03-23 21:53:32','2017-03-23 21:53:32'),(32,'挖掘机配件',0,'',2,'','2017-03-22 07:01:40','2017-03-23 22:00:01','2017-03-23 22:00:01'),(33,'破碎锤整机',0,'',1,'','2017-03-23 21:46:51','2017-03-23 22:00:26','2017-03-23 22:00:26'),(34,'破碎锤配件',0,'',1,'','2017-03-23 21:47:02','2017-03-23 22:00:30','2017-03-23 22:00:30'),(35,'破碎锤配件',0,'',1,'','2017-03-23 21:48:01','2017-03-23 22:00:31','2017-03-23 22:00:31'),(36,'挖掘机配件',0,'',1,'','2017-03-23 21:48:08','2017-03-23 22:00:02','2017-03-23 22:00:02'),(37,'其他工程机械设备',0,'',1,'','2017-03-23 21:48:14','2017-03-23 21:59:28','2017-03-23 21:59:28'),(38,'油封系列',0,'',1,'','2017-03-23 21:48:19','2017-03-23 22:00:15','2017-03-23 22:00:15'),(39,'液压管路',0,'',1,'','2017-03-23 21:48:28','2017-03-23 22:00:17','2017-03-23 22:00:17'),(40,'挖掘机维修',0,'',1,'','2017-03-23 21:48:39','2017-03-23 21:59:57','2017-03-23 21:59:57'),(41,'破碎锤维修',0,'',1,'','2017-03-23 21:48:47','2017-03-23 22:00:27','2017-03-23 22:00:27'),(42,'挖掘属具',0,'',1,'','2017-03-23 21:48:54','2017-03-23 21:59:50','2017-03-23 21:59:50'),(43,'二手破碎锤',0,'',2,'','2017-03-23 21:51:22','2017-03-23 21:59:25','2017-03-23 21:59:25'),(44,'破碎锤配件',0,'',2,'','2017-03-23 21:51:29','2017-03-23 22:00:32','2017-03-23 22:00:32'),(45,'挖掘机配件',0,'',2,'','2017-03-23 21:51:38','2017-03-23 22:00:04','2017-03-23 22:00:04'),(46,'其他工程机械设备',0,'',2,'','2017-03-23 21:51:56','2017-03-23 21:59:32','2017-03-23 21:59:32'),(47,'油封系列',0,'',2,'','2017-03-23 21:52:02','2017-03-23 22:00:10','2017-03-23 22:00:10'),(48,'液压管路',0,'',2,'','2017-03-23 21:52:09','2017-03-23 22:00:13','2017-03-23 22:00:13'),(49,'挖掘机维修',0,'',2,'','2017-03-23 21:52:16','2017-03-23 21:59:58','2017-03-23 21:59:58'),(50,'破碎锤维修',0,'',2,'','2017-03-23 21:52:23','2017-03-23 22:00:29','2017-03-23 22:00:29'),(51,'二手其他设备',0,'',2,'','2017-03-23 21:52:29','2017-03-23 21:59:24','2017-03-23 21:59:24'),(52,'挖掘属具',0,'',2,'','2017-03-23 21:52:38','2017-03-23 21:59:40','2017-03-23 21:59:40'),(53,'破碎锤',0,'',1,'','2017-03-23 21:58:23','2017-03-23 22:00:24','2017-03-23 22:00:24'),(54,'挖掘机',0,'/image/nav-w.png',1,'','2017-03-23 22:04:46','2017-03-23 23:08:02',NULL),(55,'破碎锤整机',0,'/image/nav-c.png',1,'','2017-03-23 22:04:59','2017-03-23 23:42:28',NULL),(56,'破碎锤配件',0,'/image/nav-p.png',1,'','2017-03-23 22:05:08','2017-03-23 23:58:02',NULL),(57,'挖掘机配件',0,'/image/nav-f.png',1,'','2017-03-23 22:05:15','2017-03-23 23:57:57',NULL),(58,'液压管路',0,'/image/nav-g.png',1,'','2017-03-23 22:05:23','2017-03-25 06:11:47',NULL),(59,'密封系列',0,'/image/nav-y.png',1,'','2017-03-23 22:05:31','2017-03-25 06:11:43',NULL),(60,'其他工程机械设备',0,'/image/nav-q.png',1,'','2017-03-23 22:05:37','2017-03-23 23:48:38',NULL),(61,'挖掘机维修',0,'/image/nav-q.png',1,'','2017-03-23 22:05:45','2017-03-23 23:48:29',NULL),(62,'破碎锤维修',0,'/image/nav-q.png',1,'','2017-03-23 22:05:51','2017-03-23 23:48:04',NULL),(63,'挖掘属具',0,'/image/nav-s.png',1,'','2017-03-23 22:05:57','2017-03-23 23:57:50',NULL),(64,'二手挖掘机',0,'/image/nav-w.png',2,'','2017-03-23 22:06:17','2017-03-23 23:56:43',NULL),(65,'二手破碎锤',0,'',1,'','2017-03-23 22:06:22','2017-03-23 22:06:27','2017-03-23 22:06:27'),(66,'二手破碎锤',0,'/image/nav-c.png',2,'','2017-03-23 22:06:31','2017-03-23 23:45:56',NULL),(67,'挖掘机',0,'/image/nav-w.png',2,'','2017-03-23 22:06:38','2017-03-23 23:58:20',NULL),(68,'破碎锤整机',0,'/image/nav-c.png',2,'','2017-03-23 22:06:45','2017-03-23 23:58:12',NULL),(69,'破碎锤配件',0,'/image/nav-p.png',2,'','2017-03-23 22:06:50','2017-03-23 23:44:34',NULL),(70,'挖掘机配件',0,'/image/nav-f.png',2,'','2017-03-23 22:06:56','2017-03-23 23:44:16',NULL),(71,'密封系列',0,'/image/nav-y.png',2,'','2017-03-23 22:07:04','2017-03-23 23:43:54',NULL),(72,'挖掘机维修',0,'/image/nav-q.png',2,'','2017-03-23 22:07:10','2017-03-23 23:57:28',NULL),(73,'破碎锤维修',0,'/image/nav-q.png',2,'','2017-03-23 22:07:18','2017-03-23 23:43:28',NULL),(74,'其他工程机械设备',0,'/image/nav-q.png',2,'','2017-03-23 22:07:23','2017-03-23 23:43:17',NULL),(75,'二手其他设备',0,'/image/nav-q.png',2,'','2017-03-23 22:07:29','2017-03-23 23:42:08',NULL),(76,'挖掘属具',0,'/image/nav-q.png',2,'','2017-03-23 22:07:36','2017-03-23 23:42:59',NULL),(77,'二手挖掘机',0,'',2,'','2017-03-23 23:25:33','2017-03-23 23:25:53','2017-03-23 23:25:53'),(78,'二手挖掘机',0,'',5,'','2017-03-23 23:26:16','2017-03-23 23:26:16',NULL),(79,'二手破碎锤',0,'',5,'','2017-03-23 23:26:31','2017-03-23 23:26:31',NULL),(80,'二手其他设备',0,'',5,'','2017-03-23 23:26:48','2017-03-23 23:26:48',NULL),(81,'挖掘机',0,'',5,'','2017-03-23 23:27:02','2017-03-23 23:27:02',NULL),(82,'破碎锤',0,'',5,'','2017-03-23 23:27:12','2017-03-23 23:27:12',NULL),(83,'破碎锤配件',0,'',5,'','2017-03-23 23:27:40','2017-03-23 23:27:40',NULL),(84,'挖掘机配件',0,'',5,'','2017-03-23 23:28:04','2017-03-23 23:28:04',NULL),(85,'其他工程机械设备',0,'',5,'','2017-03-23 23:28:23','2017-03-23 23:28:23',NULL),(86,'租赁',0,'',5,'','2017-03-23 23:28:33','2017-03-23 23:28:33',NULL),(87,'工程招标',0,'',5,'','2017-03-23 23:28:44','2017-03-23 23:28:44',NULL),(88,'购买产品',0,'',5,'','2017-03-23 23:28:53','2017-03-23 23:28:53',NULL),(89,'需要维修',0,'',5,'','2017-03-23 23:29:02','2017-03-23 23:29:02',NULL),(90,'需要维修',0,'',6,'','2017-03-23 23:31:38','2017-03-23 23:31:38',NULL),(91,'购买产品',0,'',6,'','2017-03-23 23:31:46','2017-03-23 23:31:46',NULL),(92,'工程招标',0,'/image/nav-q.png',3,'','2017-03-23 23:31:54','2017-03-23 23:41:08',NULL),(93,'租赁',0,'',6,'','2017-03-23 23:32:04','2017-03-23 23:32:04',NULL),(94,'其他工程机械设备',0,'',6,'','2017-03-23 23:32:10','2017-03-23 23:32:10',NULL),(95,'挖掘机配件',0,'',6,'','2017-03-23 23:32:15','2017-03-23 23:32:15',NULL),(96,'破碎锤配件',0,'',6,'','2017-03-23 23:32:20','2017-03-23 23:32:20',NULL),(97,'破碎锤',0,'',6,'','2017-03-23 23:32:27','2017-03-23 23:32:27',NULL),(98,'挖掘机',0,'',6,'','2017-03-23 23:32:32','2017-03-23 23:32:32',NULL),(99,'二手其他设备',0,'',6,'','2017-03-23 23:32:38','2017-03-23 23:32:38',NULL),(100,'二手破碎锤',0,'',6,'','2017-03-23 23:32:43','2017-03-23 23:32:43',NULL),(101,'二手挖掘机',0,'',6,'','2017-03-23 23:32:49','2017-03-23 23:32:49',NULL),(102,'其他工程机械设备',0,'',4,'','2017-03-23 23:33:25','2017-03-23 23:33:25',NULL),(103,'挖掘机配件',0,'',4,'','2017-03-23 23:33:32','2017-03-23 23:33:32',NULL),(104,'破碎锤配件',0,'',4,'','2017-03-23 23:33:39','2017-03-23 23:33:39',NULL),(105,'破碎锤',0,'',4,'','2017-03-23 23:33:44','2017-03-23 23:33:44',NULL),(106,'挖掘机',0,'',4,'','2017-03-23 23:33:50','2017-03-23 23:33:50',NULL),(107,'购买产品',0,'/image/nav-q.png',4,'','2017-03-23 23:33:58','2017-03-23 23:46:15',NULL),(108,'液压管路',0,'/image/nav-g.png',2,'','2017-03-23 23:55:29','2017-03-25 06:11:57',NULL),(109,'小松PC',54,'',1,'','2017-03-24 22:14:30','2017-03-24 22:14:30',NULL),(110,'卡特CAT',54,'',0,'','2017-03-24 22:14:38','2017-03-24 22:15:31','2017-03-24 22:15:31'),(111,'日立EX,ZX',54,'',1,'','2017-03-24 22:15:00','2017-03-24 22:15:00',NULL),(112,'神冈SK',54,'',1,'','2017-03-24 22:15:11','2017-03-24 22:15:11',NULL),(113,'卡特CAT',54,'',1,'','2017-03-24 22:15:42','2017-03-24 22:15:42',NULL),(114,'加藤HD',54,'',1,'','2017-03-24 22:15:53','2017-03-24 22:15:53',NULL),(115,'住友SH',54,'',1,'','2017-03-24 22:16:10','2017-03-24 22:16:10',NULL),(116,'钎杆200以上',62,'',1,'','2017-03-24 22:16:25','2017-03-24 22:16:25',NULL),(117,'钎杆180-200',62,'',1,'','2017-03-24 22:16:36','2017-03-24 22:16:36',NULL),(118,'钎杆175-180',54,'',1,'','2017-03-24 22:16:44','2017-03-24 22:16:44',NULL),(119,'钎杆165-175',62,'',1,'','2017-03-24 22:17:02','2017-03-24 22:17:02',NULL),(120,'钎杆145-155',55,'',1,'','2017-03-24 22:17:25','2017-03-24 22:17:25',NULL),(121,'小松PC',67,'',2,'','2017-03-25 00:06:05','2017-03-25 00:06:05',NULL),(122,'卡特CAT',67,'',2,'','2017-03-25 00:06:12','2017-03-25 00:06:12',NULL),(123,'日立EX,ZX',67,'',2,'','2017-03-25 00:06:20','2017-03-25 00:06:20',NULL),(124,'神冈SK',67,'',2,'','2017-03-25 00:06:30','2017-03-25 00:06:30',NULL),(125,'加藤HD',67,'',2,'','2017-03-25 00:06:38','2017-03-25 00:06:38',NULL),(126,'住友SH',67,'',2,'','2017-03-25 00:06:45','2017-03-25 00:06:45',NULL),(127,'三一SY',67,'',2,'','2017-03-25 00:06:52','2017-03-25 00:06:52',NULL),(128,'现代RB',67,'',2,'','2017-03-25 00:06:59','2017-03-25 00:06:59',NULL),(129,'徐工',67,'',2,'','2017-03-25 00:07:06','2017-03-25 00:07:06',NULL),(130,'钎杆200以上',68,'',2,'','2017-03-25 01:03:28','2017-03-25 01:03:28',NULL),(131,'钎杆180-200',68,'',2,'','2017-03-25 01:03:43','2017-03-25 01:03:43',NULL),(132,'钎杆175-180',68,'',2,'','2017-03-25 01:03:51','2017-03-25 01:03:51',NULL),(133,'钎杆165-175',68,'',2,'','2017-03-25 01:04:01','2017-03-25 01:04:01',NULL),(134,'钎杆145-155',68,'',2,'','2017-03-25 01:04:07','2017-03-25 01:04:07',NULL),(135,'钎杆140',68,'',2,'','2017-03-25 01:04:15','2017-03-25 01:04:15',NULL),(136,'钎杆135',68,'',2,'','2017-03-25 01:04:22','2017-03-25 01:04:22',NULL),(137,'钎杆100-120',68,'',2,'','2017-03-25 01:04:35','2017-03-25 01:04:35',NULL),(138,'钎杆75-90',68,'',2,'','2017-03-25 01:04:45','2017-03-25 01:04:45',NULL),(139,'钎杆68',68,'',2,'','2017-03-25 01:05:09','2017-03-25 01:05:09',NULL),(140,'钎杆60',68,'',2,'','2017-03-25 01:05:17','2017-03-25 01:05:17',NULL),(141,'钎杆53',68,'',2,'','2017-03-25 01:05:27','2017-03-25 01:05:27',NULL),(142,'钎杆53以下',68,'',2,'','2017-03-25 01:05:34','2017-03-25 01:05:34',NULL),(143,'二手挖掘机',64,'',2,'','2017-03-25 01:06:07','2017-03-25 01:06:07',NULL),(144,'二手其他设备',75,'',2,'','2017-03-25 01:06:14','2017-03-25 01:06:14',NULL),(145,'二手破碎锤',66,'',2,'','2017-03-25 01:06:22','2017-03-25 01:06:22',NULL),(146,'挖掘机维修',72,'',2,'','2017-03-25 01:06:34','2017-03-25 01:06:34',NULL),(147,'破碎锤维修',73,'',2,'','2017-03-25 01:06:41','2017-03-25 01:06:41',NULL);
/*!40000 ALTER TABLE `categories` ENABLE KEYS */;
UNLOCK TABLES;

--
-- Table structure for table `collects`
--

DROP TABLE IF EXISTS `collects`;
/*!40101 SET @saved_cs_client     = @@character_set_client */;
/*!40101 SET character_set_client = utf8 */;
CREATE TABLE `collects` (
  `id` int(10) unsigned NOT NULL AUTO_INCREMENT,
  `user_id` int(11) NOT NULL,
  `seller_id` int(11) DEFAULT '0',
  `product_id` int(11) DEFAULT '0',
  `type` int(11) DEFAULT '0',
  `created_at` timestamp NULL DEFAULT NULL,
  `updated_at` timestamp NULL DEFAULT NULL,
  `deleted_at` timestamp NULL DEFAULT NULL,
  PRIMARY KEY (`id`)
) ENGINE=InnoDB AUTO_INCREMENT=96 DEFAULT CHARSET=utf8mb4 COLLATE=utf8mb4_unicode_ci;
/*!40101 SET character_set_client = @saved_cs_client */;

--
-- Dumping data for table `collects`
--

LOCK TABLES `collects` WRITE;
/*!40000 ALTER TABLE `collects` DISABLE KEYS */;
INSERT INTO `collects` VALUES (1,9,7,0,2,'2017-03-22 02:16:07','2017-03-22 02:19:57','2017-03-22 02:19:57'),(2,9,7,0,1,'2017-03-22 02:18:55','2017-03-22 02:19:56','2017-03-22 02:19:56'),(3,9,7,0,1,'2017-03-22 02:20:05','2017-03-22 07:10:01','2017-03-22 07:10:01'),(4,9,0,4,0,'2017-03-22 02:24:24','2017-03-23 00:23:11','2017-03-23 00:23:11'),(5,13,0,7,0,'2017-03-22 06:10:49','2017-03-22 06:10:49',NULL),(6,13,7,0,1,'2017-03-22 06:11:26','2017-03-22 06:17:17','2017-03-22 06:17:17'),(7,13,7,0,2,'2017-03-22 06:11:27','2017-03-22 06:17:28','2017-03-22 06:17:28'),(8,13,13,0,1,'2017-03-22 06:13:55','2017-03-22 06:13:57','2017-03-22 06:13:57'),(9,13,13,0,1,'2017-03-22 06:13:58','2017-03-22 06:48:54','2017-03-22 06:48:54'),(10,13,11,0,1,'2017-03-22 06:17:02','2017-03-22 06:17:05','2017-03-22 06:17:05'),(11,13,11,0,2,'2017-03-22 06:17:03','2017-03-22 06:17:03',NULL),(12,13,11,0,1,'2017-03-22 06:17:06','2017-03-22 06:17:06',NULL),(13,13,7,0,1,'2017-03-22 06:17:18','2017-03-22 06:17:19','2017-03-22 06:17:19'),(14,13,7,0,1,'2017-03-22 06:17:20','2017-03-22 06:49:02','2017-03-22 06:49:02'),(15,13,7,0,2,'2017-03-22 06:17:29','2017-03-22 07:11:10','2017-03-22 07:11:10'),(16,13,8,0,1,'2017-03-22 06:17:38','2017-03-22 06:17:50','2017-03-22 06:17:50'),(17,13,8,0,2,'2017-03-22 06:17:39','2017-03-22 06:35:04','2017-03-22 06:35:04'),(18,13,8,0,1,'2017-03-22 06:17:51','2017-03-22 06:35:03','2017-03-22 06:35:03'),(19,13,8,0,1,'2017-03-22 06:41:54','2017-03-22 06:41:57','2017-03-22 06:41:57'),(20,13,8,0,2,'2017-03-22 06:41:56','2017-03-22 06:42:03','2017-03-22 06:42:03'),(21,13,8,0,1,'2017-03-22 06:41:57','2017-03-22 06:42:02','2017-03-22 06:42:02'),(22,13,8,0,1,'2017-03-22 06:42:05','2017-03-22 07:28:28','2017-03-22 07:28:28'),(23,13,13,0,1,'2017-03-22 06:48:54','2017-03-22 07:20:11','2017-03-22 07:20:11'),(24,13,7,0,1,'2017-03-22 06:49:03','2017-03-22 06:49:03','2017-03-22 06:49:03'),(25,13,7,0,1,'2017-03-22 06:49:04','2017-03-22 07:06:03','2017-03-22 07:06:03'),(26,13,0,3,0,'2017-03-22 06:49:25','2017-03-22 06:49:25',NULL),(27,13,7,0,1,'2017-03-22 07:06:04','2017-03-22 07:10:51','2017-03-22 07:10:51'),(28,9,7,0,1,'2017-03-22 07:10:02','2017-03-22 07:10:03','2017-03-22 07:10:03'),(29,13,7,0,1,'2017-03-22 07:10:52','2017-03-22 07:10:53','2017-03-22 07:10:53'),(30,13,7,0,1,'2017-03-22 07:10:55','2017-03-22 07:20:18','2017-03-22 07:20:18'),(31,13,9,0,2,'2017-03-22 07:11:35','2017-03-22 07:11:54','2017-03-22 07:11:54'),(32,13,13,0,1,'2017-03-22 07:20:12','2017-03-22 10:11:22','2017-03-22 10:11:22'),(33,13,7,0,1,'2017-03-22 07:20:20','2017-03-22 07:27:59','2017-03-22 07:27:59'),(34,13,0,1,0,'2017-03-22 07:20:23','2017-03-22 07:20:23',NULL),(35,9,7,0,1,'2017-03-22 07:22:20','2017-03-22 07:23:11','2017-03-22 07:23:11'),(36,9,7,0,1,'2017-03-22 07:23:13','2017-03-22 07:23:14','2017-03-22 07:23:14'),(37,9,7,0,1,'2017-03-22 07:23:15','2017-03-22 07:23:27','2017-03-22 07:23:27'),(38,9,7,0,1,'2017-03-22 07:23:28','2017-03-22 07:23:39','2017-03-22 07:23:39'),(39,9,7,0,1,'2017-03-22 07:24:48','2017-03-22 07:24:50','2017-03-22 07:24:50'),(40,9,7,0,1,'2017-03-22 07:24:52','2017-03-22 22:44:51','2017-03-22 22:44:51'),(41,13,7,0,1,'2017-03-22 07:28:00','2017-03-22 10:14:03','2017-03-22 10:14:03'),(42,13,8,0,1,'2017-03-22 07:28:29','2017-03-22 07:28:29',NULL),(43,9,0,1,0,'2017-03-22 07:30:02','2017-03-22 22:44:45','2017-03-22 22:44:45'),(44,20,0,4,0,'2017-03-22 07:34:33','2017-03-22 07:34:33',NULL),(45,13,0,9,0,'2017-03-22 10:06:01','2017-03-22 10:06:01',NULL),(46,13,0,8,0,'2017-03-22 10:07:00','2017-03-22 10:07:00',NULL),(47,13,13,0,1,'2017-03-22 10:11:23','2017-03-25 22:31:50','2017-03-25 22:31:50'),(48,13,13,0,2,'2017-03-22 10:11:23','2017-03-25 22:31:57','2017-03-25 22:31:57'),(49,13,0,10,0,'2017-03-22 10:13:42','2017-03-22 10:13:42',NULL),(50,13,7,0,2,'2017-03-22 10:14:03','2017-03-22 10:14:03',NULL),(51,13,7,0,1,'2017-03-22 10:14:38','2017-03-22 10:14:38','2017-03-22 10:14:38'),(52,13,7,0,1,'2017-03-22 10:16:25','2017-03-22 10:16:25',NULL),(53,9,7,0,1,'2017-03-22 22:44:53','2017-03-22 22:44:53',NULL),(54,9,0,9,0,'2017-03-22 22:56:36','2017-03-22 22:56:52','2017-03-22 22:56:52'),(55,9,0,9,0,'2017-03-22 22:57:07','2017-03-22 22:57:36','2017-03-22 22:57:36'),(56,9,0,9,0,'2017-03-22 22:58:25','2017-03-22 22:59:06','2017-03-22 22:59:06'),(57,9,0,9,0,'2017-03-22 22:59:54','2017-03-22 23:01:21','2017-03-22 23:01:21'),(58,9,0,9,0,'2017-03-22 23:01:22','2017-03-22 23:01:45','2017-03-22 23:01:45'),(59,9,0,9,0,'2017-03-22 23:02:04','2017-03-22 23:02:07','2017-03-22 23:02:07'),(60,9,0,4,0,'2017-03-23 00:23:13','2017-03-23 00:23:13',NULL),(61,15,0,4,0,'2017-03-23 00:24:24','2017-03-23 00:24:29','2017-03-23 00:24:29'),(62,15,0,4,0,'2017-03-23 00:24:31','2017-03-23 00:24:33','2017-03-23 00:24:33'),(63,9,0,1,0,'2017-03-23 00:25:11','2017-03-23 00:25:11',NULL),(64,15,0,4,0,'2017-03-23 00:25:30','2017-03-23 00:25:32','2017-03-23 00:25:32'),(65,15,0,4,0,'2017-03-23 00:25:45','2017-03-23 00:25:47','2017-03-23 00:25:47'),(66,13,0,11,0,'2017-03-23 02:27:13','2017-03-23 02:27:14','2017-03-23 02:27:14'),(67,15,0,11,0,'2017-03-23 17:28:15','2017-03-23 17:28:17','2017-03-23 17:28:17'),(68,15,0,7,0,'2017-03-23 17:31:39','2017-03-23 17:31:39','2017-03-23 17:31:39'),(69,15,0,7,0,'2017-03-23 17:31:43','2017-03-23 17:31:45','2017-03-23 17:31:45'),(70,15,0,13,0,'2017-03-23 17:40:00','2017-03-23 17:40:03','2017-03-23 17:40:03'),(71,15,0,10,0,'2017-03-23 22:03:42','2017-03-23 22:03:44','2017-03-23 22:03:44'),(72,15,0,7,0,'2017-03-23 22:04:13','2017-03-23 22:04:13',NULL),(73,13,0,13,0,'2017-03-24 21:27:01','2017-03-24 21:27:03','2017-03-24 21:27:03'),(74,13,0,15,0,'2017-03-25 02:42:30','2017-03-25 06:57:55','2017-03-25 06:57:55'),(75,21,0,11,0,'2017-03-25 06:54:53','2017-03-25 06:54:53',NULL),(76,13,0,14,0,'2017-03-25 06:57:15','2017-03-25 06:57:30','2017-03-25 06:57:30'),(77,13,0,14,0,'2017-03-25 06:57:32','2017-03-25 06:57:34','2017-03-25 06:57:34'),(78,9,33,0,1,'2017-03-25 21:15:02','2017-03-25 21:15:06','2017-03-25 21:15:06'),(79,9,33,0,2,'2017-03-25 21:15:04','2017-03-25 21:15:04',NULL),(80,9,33,0,1,'2017-03-25 21:15:08','2017-03-25 21:15:18','2017-03-25 21:15:18'),(81,9,33,0,1,'2017-03-25 21:15:19','2017-03-25 21:15:19',NULL),(82,13,13,0,1,'2017-03-25 22:31:51','2017-03-25 22:31:52','2017-03-25 22:31:52'),(83,13,13,0,2,'2017-03-25 22:32:21','2017-03-25 22:32:21',NULL),(84,13,22,0,1,'2017-03-25 22:55:11','2017-03-25 22:55:13','2017-03-25 22:55:13'),(85,35,0,18,0,'2017-03-25 23:22:57','2017-03-25 23:22:58','2017-03-25 23:22:58'),(86,35,0,18,0,'2017-03-25 23:23:00','2017-03-25 23:23:01','2017-03-25 23:23:01'),(87,35,0,22,0,'2017-03-25 23:28:09','2017-03-25 23:28:11','2017-03-25 23:28:11'),(88,9,0,21,0,'2017-03-26 00:07:32','2017-03-26 00:07:34','2017-03-26 00:07:34'),(89,7,0,22,0,'2017-03-26 00:25:05','2017-03-26 00:25:06','2017-03-26 00:25:06'),(90,7,0,22,0,'2017-03-26 00:25:11','2017-03-26 00:25:12','2017-03-26 00:25:12'),(91,15,0,11,0,'2017-03-26 00:28:46','2017-03-26 00:28:50','2017-03-26 00:28:50'),(92,15,0,11,0,'2017-03-26 00:31:18','2017-03-26 00:31:19','2017-03-26 00:31:19'),(93,15,0,11,0,'2017-03-26 00:31:23','2017-03-26 00:31:27','2017-03-26 00:31:27'),(94,7,15,0,1,'2017-03-26 00:31:42','2017-03-26 00:31:42',NULL),(95,7,15,0,2,'2017-03-26 00:31:43','2017-03-26 00:31:43',NULL);
/*!40000 ALTER TABLE `collects` ENABLE KEYS */;
UNLOCK TABLES;

--
-- Table structure for table `feedback`
--

DROP TABLE IF EXISTS `feedback`;
/*!40101 SET @saved_cs_client     = @@character_set_client */;
/*!40101 SET character_set_client = utf8 */;
CREATE TABLE `feedback` (
  `id` int(10) unsigned NOT NULL AUTO_INCREMENT,
  `user_id` int(11) NOT NULL,
  `title` varchar(191) COLLATE utf8mb4_unicode_ci NOT NULL,
  `content` text COLLATE utf8mb4_unicode_ci NOT NULL,
  `created_at` timestamp NULL DEFAULT NULL,
  `updated_at` timestamp NULL DEFAULT NULL,
  `deleted_at` timestamp NULL DEFAULT NULL,
  PRIMARY KEY (`id`)
) ENGINE=InnoDB AUTO_INCREMENT=3 DEFAULT CHARSET=utf8mb4 COLLATE=utf8mb4_unicode_ci;
/*!40101 SET character_set_client = @saved_cs_client */;

--
-- Dumping data for table `feedback`
--

LOCK TABLES `feedback` WRITE;
/*!40000 ALTER TABLE `feedback` DISABLE KEYS */;
INSERT INTO `feedback` VALUES (1,1,'hello','213123','2017-03-25 22:39:31','2017-03-25 22:39:31',NULL),(2,9,'强－厂家','hello','2017-03-25 22:44:49','2017-03-25 22:44:49',NULL);
/*!40000 ALTER TABLE `feedback` ENABLE KEYS */;
UNLOCK TABLES;

--
-- Table structure for table `history`
--

DROP TABLE IF EXISTS `history`;
/*!40101 SET @saved_cs_client     = @@character_set_client */;
/*!40101 SET character_set_client = utf8 */;
CREATE TABLE `history` (
  `id` int(10) unsigned NOT NULL AUTO_INCREMENT,
  `type_id` int(10) unsigned NOT NULL,
  `user_id` int(10) unsigned NOT NULL,
  `entity_id` int(10) unsigned DEFAULT NULL,
  `icon` varchar(191) COLLATE utf8mb4_unicode_ci DEFAULT NULL,
  `class` varchar(191) COLLATE utf8mb4_unicode_ci DEFAULT NULL,
  `text` varchar(191) COLLATE utf8mb4_unicode_ci NOT NULL,
  `assets` text COLLATE utf8mb4_unicode_ci,
  `created_at` timestamp NULL DEFAULT NULL,
  `updated_at` timestamp NULL DEFAULT NULL,
  PRIMARY KEY (`id`),
  KEY `history_type_id_foreign` (`type_id`),
  KEY `history_user_id_foreign` (`user_id`),
  CONSTRAINT `history_user_id_foreign` FOREIGN KEY (`user_id`) REFERENCES `users` (`id`) ON DELETE CASCADE,
  CONSTRAINT `history_type_id_foreign` FOREIGN KEY (`type_id`) REFERENCES `history_types` (`id`) ON DELETE CASCADE
) ENGINE=InnoDB AUTO_INCREMENT=6 DEFAULT CHARSET=utf8mb4 COLLATE=utf8mb4_unicode_ci;
/*!40101 SET character_set_client = @saved_cs_client */;

--
-- Dumping data for table `history`
--

LOCK TABLES `history` WRITE;
/*!40000 ALTER TABLE `history` DISABLE KEYS */;
INSERT INTO `history` VALUES (1,1,1,7,'times','bg-yellow','trans(\"history.backend.users.deactivated\") <strong>{user}</strong>','{\"user_link\":[\"admin.access.user.show\",\"\\u5f3a\",7]}','2017-03-16 22:11:53','2017-03-16 22:11:53'),(2,1,1,7,'check','bg-green','trans(\"history.backend.users.reactivated\") <strong>{user}</strong>','{\"user_link\":[\"admin.access.user.show\",\"\\u5f3a\",7]}','2017-03-16 22:11:56','2017-03-16 22:11:56'),(3,1,1,8,'times','bg-yellow','trans(\"history.backend.users.deactivated\") <strong>{user}</strong>','{\"user_link\":[\"admin.access.user.show\",\"\\u8d75\\u5148\\u751f\",8]}','2017-03-17 01:14:15','2017-03-17 01:14:15'),(4,1,1,11,'lock','bg-blue','trans(\"history.backend.users.changed_password\") <strong>{user}</strong>','{\"user_link\":[\"admin.access.user.show\",\"\\u4f60\\u597d\",11]}','2017-03-19 22:59:01','2017-03-19 22:59:01'),(5,1,2,3,'times','bg-yellow','trans(\"history.backend.users.deactivated\") <strong>{user}</strong>','{\"user_link\":[\"admin.access.user.show\",\"Default User\",3]}','2017-03-24 09:33:48','2017-03-24 09:33:48');
/*!40000 ALTER TABLE `history` ENABLE KEYS */;
UNLOCK TABLES;

--
-- Table structure for table `history_types`
--

DROP TABLE IF EXISTS `history_types`;
/*!40101 SET @saved_cs_client     = @@character_set_client */;
/*!40101 SET character_set_client = utf8 */;
CREATE TABLE `history_types` (
  `id` int(10) unsigned NOT NULL AUTO_INCREMENT,
  `name` varchar(191) COLLATE utf8mb4_unicode_ci NOT NULL,
  `created_at` timestamp NULL DEFAULT NULL,
  `updated_at` timestamp NULL DEFAULT NULL,
  PRIMARY KEY (`id`)
) ENGINE=InnoDB AUTO_INCREMENT=3 DEFAULT CHARSET=utf8mb4 COLLATE=utf8mb4_unicode_ci;
/*!40101 SET character_set_client = @saved_cs_client */;

--
-- Dumping data for table `history_types`
--

LOCK TABLES `history_types` WRITE;
/*!40000 ALTER TABLE `history_types` DISABLE KEYS */;
INSERT INTO `history_types` VALUES (1,'User','2017-03-16 18:47:01','2017-03-16 18:47:01'),(2,'Role','2017-03-16 18:47:01','2017-03-16 18:47:01');
/*!40000 ALTER TABLE `history_types` ENABLE KEYS */;
UNLOCK TABLES;

--
-- Table structure for table `industries`
--

DROP TABLE IF EXISTS `industries`;
/*!40101 SET @saved_cs_client     = @@character_set_client */;
/*!40101 SET character_set_client = utf8 */;
CREATE TABLE `industries` (
  `id` int(10) unsigned NOT NULL AUTO_INCREMENT,
  `display_name` varchar(191) COLLATE utf8mb4_unicode_ci NOT NULL,
  `user_id` int(11) NOT NULL,
  `avatar` varchar(255) COLLATE utf8mb4_unicode_ci NOT NULL,
  `pic_urls` varchar(191) COLLATE utf8mb4_unicode_ci DEFAULT '',
  `identity_urls` varchar(191) COLLATE utf8mb4_unicode_ci DEFAULT '',
  `prov_id` int(11) NOT NULL,
  `city_id` int(11) NOT NULL,
  `area_id` int(11) DEFAULT NULL,
  `address` varchar(255) COLLATE utf8mb4_unicode_ci DEFAULT '',
  `service` varchar(191) COLLATE utf8mb4_unicode_ci DEFAULT '',
  `description` text COLLATE utf8mb4_unicode_ci,
  `created_at` timestamp NULL DEFAULT NULL,
  `updated_at` timestamp NULL DEFAULT NULL,
  `deleted_at` timestamp NULL DEFAULT NULL,
  `phone` varchar(255) COLLATE utf8mb4_unicode_ci DEFAULT '',
  `qq` varchar(255) COLLATE utf8mb4_unicode_ci DEFAULT '',
  `wechat` varchar(255) COLLATE utf8mb4_unicode_ci DEFAULT '',
  PRIMARY KEY (`id`)
) ENGINE=InnoDB AUTO_INCREMENT=31 DEFAULT CHARSET=utf8mb4 COLLATE=utf8mb4_unicode_ci;
/*!40101 SET character_set_client = @saved_cs_client */;

--
-- Dumping data for table `industries`
--

LOCK TABLES `industries` WRITE;
/*!40000 ALTER TABLE `industries` DISABLE KEYS */;
INSERT INTO `industries` VALUES (1,'求战信息',7,'/files/5bba98b1d2d5f5a0dc6f885c26f2c283.png','','[\"\\/files\\/7739f8e2357b21c6e8acc615a541d58c.jpeg\"]',110000,110000,110000,'广东省深圳市','主营业务','简介','2017-03-16 19:25:53','2017-03-16 19:48:37',NULL,'','',''),(2,'天下第一挖掘机',8,'/files/c9ad29c1f73085459024575aa72c5d08.jpeg','','[\"\\/files\\/e0aa6329246b70d27083cf956e6b0707.jpeg\"]',140000,140100,110000,'南山球场','踢球踢球踢球踢球','踢球踢球','2017-03-16 19:29:55','2017-03-25 06:48:43',NULL,'','',''),(3,'皮皮科技',9,'/files/becb7d546bb636c7ea4041e49c4e1160.jpeg','','[null]',210000,210100,110000,'qwe',NULL,NULL,'2017-03-16 20:30:57','2017-03-24 21:41:07',NULL,'phone','qq','wechat'),(4,'皮皮思科技',10,'/files/34c4ec27be286dd02f32f36ab4bf055c.png','','[\"\\/image\\/zhaopian.png\"]',110000,110000,110000,NULL,NULL,NULL,'2017-03-16 22:08:12','2017-03-16 23:02:56',NULL,'','',''),(5,'无敌破碎锤',11,'/files/93925bdce6df71a1dde18b20ee371d8b.jpeg','','[\"\\/files\\/160ff2125af0bd32bfa1477ed146e0c8.jpeg\"]',330000,330100,110000,'的说法地方','大法师但是','第三方啥地方','2017-03-19 01:32:12','2017-03-19 19:03:18',NULL,'','',''),(6,'大哥',12,'','','',110000,110000,110000,'','','','2017-03-19 23:06:23','2017-03-19 23:06:23',NULL,'','',''),(7,'河南人',13,'/files/9c51937804561993a57636ee1be21643.jpeg','','[null]',150000,150100,150102,'足球场','ni hao','无敌','2017-03-19 23:15:27','2017-03-25 09:01:16',NULL,'1342433777','379808148','379808145'),(8,'你几级了',14,'','','',230000,230100,110000,'','','','2017-03-20 00:11:58','2017-03-23 17:54:50',NULL,'','',''),(9,'美朝科技',15,'','','',110000,110000,110000,'','','','2017-03-21 00:58:34','2017-03-21 00:58:34',NULL,'','',''),(10,'哈哈阿根',16,'','','',110000,110000,110000,'','','','2017-03-22 03:01:50','2017-03-22 03:02:42',NULL,'','',''),(11,'自卫队法',20,'','','',140000,140100,110000,'','','','2017-03-22 07:31:44','2017-03-23 17:54:44',NULL,'','',''),(12,'中大哥',21,'','','',110000,110000,110000,'','','','2017-03-23 21:39:19','2017-03-23 21:39:19',NULL,'','',''),(13,'挖掘机',22,'/files/806086e212e005608bc9133cf6b14287.jpeg','','[\"\\/files\\/103b5fa0de11b550c4ea42c99579ca72.jpeg\"]',110000,110000,110000,'111','111','1111','2017-03-23 22:08:26','2017-03-24 20:09:27',NULL,'111','111','111'),(14,'我好',23,'','','',120000,120000,110000,'','','','2017-03-23 22:09:12','2017-03-23 22:09:12',NULL,'','',''),(15,'大家好',24,'','','',110000,110000,110000,'','','','2017-03-23 22:09:47','2017-03-23 22:09:47',NULL,'','',''),(16,'真的好',25,'','','',140000,140100,110000,'','','','2017-03-23 22:10:26','2017-03-23 22:10:26',NULL,'','',''),(17,'内蒙挖掘机之王',27,'','','',150000,150700,110000,'','','','2017-03-23 22:13:10','2017-03-23 22:13:10',NULL,'','',''),(18,'内蒙挖掘机配件',28,'','','',150000,150100,110000,'','','','2017-03-23 22:13:56','2017-03-23 22:13:56',NULL,'','',''),(19,'挖掘属具',29,'','','',220000,220100,110000,'','','','2017-03-23 22:15:16','2017-03-23 22:15:16',NULL,'','',''),(20,'挖掘拘束',30,'','','',150000,150100,110000,'','','','2017-03-23 22:15:57','2017-03-23 22:15:57',NULL,'','',''),(21,'有风',31,'','','',150000,150100,110000,'','','','2017-03-23 22:16:43','2017-03-23 22:16:43',NULL,'','',''),(22,'液压',32,'','','',110000,110000,110000,'','','','2017-03-23 22:17:26','2017-03-23 22:17:26',NULL,'','',''),(23,'112313',33,'','','',140000,140100,110000,'','','','2017-03-23 22:17:54','2017-03-23 22:17:54',NULL,'','',''),(24,'qiang',35,'','','',110000,110000,110101,'','','','2017-03-24 02:44:30','2017-03-25 23:26:17',NULL,'','',''),(25,' ',39,'','','',110000,110000,110000,'','','','2017-03-25 00:04:41','2017-03-25 00:04:41',NULL,'','',''),(26,'agent',40,'','','',110000,110000,110000,'','','','2017-03-25 00:07:45','2017-03-25 00:07:45',NULL,'','',''),(27,'manufacturer',41,'','','[null]',110000,110000,110101,NULL,NULL,NULL,'2017-03-25 00:08:31','2017-03-25 00:14:16',NULL,NULL,NULL,NULL),(28,' ',42,'/image/avatar.png','','',110000,110000,110101,'','','','2017-03-25 00:21:02','2017-03-25 00:21:02',NULL,'','',''),(29,'',43,'/image/avatar.png','','[null]',110000,110000,110101,NULL,NULL,NULL,'2017-03-25 00:21:47','2017-03-25 00:22:35',NULL,NULL,NULL,NULL),(30,' ',44,'/image/avatar.png','','',110000,110000,110101,'','','','2017-03-25 21:10:13','2017-03-25 21:10:13',NULL,'','','');
/*!40000 ALTER TABLE `industries` ENABLE KEYS */;
UNLOCK TABLES;

--
-- Table structure for table `information`
--

DROP TABLE IF EXISTS `information`;
/*!40101 SET @saved_cs_client     = @@character_set_client */;
/*!40101 SET character_set_client = utf8 */;
CREATE TABLE `information` (
  `id` int(10) unsigned NOT NULL AUTO_INCREMENT,
  `title` varchar(191) COLLATE utf8mb4_unicode_ci NOT NULL,
  `subtitle` varchar(191) COLLATE utf8mb4_unicode_ci NOT NULL,
  `pic_url` varchar(191) COLLATE utf8mb4_unicode_ci DEFAULT '',
  `view_count` int(11) DEFAULT '0',
  `content` text COLLATE utf8mb4_unicode_ci NOT NULL,
  `created_at` timestamp NULL DEFAULT NULL,
  `updated_at` timestamp NULL DEFAULT NULL,
  `deleted_at` timestamp NULL DEFAULT NULL,
  PRIMARY KEY (`id`)
) ENGINE=InnoDB AUTO_INCREMENT=3 DEFAULT CHARSET=utf8mb4 COLLATE=utf8mb4_unicode_ci;
/*!40101 SET character_set_client = @saved_cs_client */;

--
-- Dumping data for table `information`
--

LOCK TABLES `information` WRITE;
/*!40000 ALTER TABLE `information` DISABLE KEYS */;
INSERT INTO `information` VALUES (1,'10岁娃娃报读挖掘机培训班2017最受掘机品牌','2017最受掘机品牌','/files/5823ee089781521741874fcb097c5145.jpeg',28,'test','2017-03-16 18:48:50','2017-03-23 23:25:01',NULL),(2,'手套','手套','/files/3e9fcadec1f32d21f3d1f075c610c255.jpeg',15,'你好你好你好你好你好你好你好你好你好你好你好你好你好你好你好你好你好你好你好你好你好你好你好你好你好你好你好你好你好你好你好你好你好你好你好你好你好你好你好你好你好你好你好你好你好你好你好你好你好你好','2017-03-17 00:57:22','2017-03-25 06:54:24',NULL);
/*!40000 ALTER TABLE `information` ENABLE KEYS */;
UNLOCK TABLES;

--
-- Table structure for table `migrations`
--

DROP TABLE IF EXISTS `migrations`;
/*!40101 SET @saved_cs_client     = @@character_set_client */;
/*!40101 SET character_set_client = utf8 */;
CREATE TABLE `migrations` (
  `id` int(10) unsigned NOT NULL AUTO_INCREMENT,
  `migration` varchar(191) COLLATE utf8mb4_unicode_ci NOT NULL,
  `batch` int(11) NOT NULL,
  PRIMARY KEY (`id`)
) ENGINE=InnoDB AUTO_INCREMENT=15 DEFAULT CHARSET=utf8mb4 COLLATE=utf8mb4_unicode_ci;
/*!40101 SET character_set_client = @saved_cs_client */;

--
-- Dumping data for table `migrations`
--

LOCK TABLES `migrations` WRITE;
/*!40000 ALTER TABLE `migrations` DISABLE KEYS */;
INSERT INTO `migrations` VALUES (1,'2014_10_12_000000_create_users_table',1),(2,'2014_10_12_100000_create_password_resets_table',1),(3,'2015_12_28_171741_create_social_logins_table',1),(4,'2015_12_29_015055_setup_access_tables',1),(5,'2016_07_03_062439_create_history_tables',1),(6,'2017_03_11_072809_create_collects_table',1),(7,'2017_03_11_073118_create_orders_table',2),(8,'2017_03_11_074527_create_industries_table',3),(9,'2017_03_11_074556_create_categories_table',3),(10,'2017_03_11_074621_create_banners_table',4),(11,'2017_03_13_075515_create_profiles_table',5),(12,'2017_03_13_100458_create_products_table',5),(13,'2017_03_16_090521_create_information_table',5),(14,'2017_03_26_063751_create_feedback_table',6);
/*!40000 ALTER TABLE `migrations` ENABLE KEYS */;
UNLOCK TABLES;

--
-- Table structure for table `orders`
--

DROP TABLE IF EXISTS `orders`;
/*!40101 SET @saved_cs_client     = @@character_set_client */;
/*!40101 SET character_set_client = utf8 */;
CREATE TABLE `orders` (
  `id` int(10) unsigned NOT NULL AUTO_INCREMENT,
  `product_id` int(11) NOT NULL,
  `user_id` int(11) NOT NULL,
  `contact_name` varchar(191) COLLATE utf8mb4_unicode_ci NOT NULL,
  `phone` varchar(191) COLLATE utf8mb4_unicode_ci NOT NULL,
  `prov_id` int(11) NOT NULL,
  `city_id` int(11) NOT NULL,
  `area_id` int(11) DEFAULT '0',
  `quantity` int(11) NOT NULL,
  `price` varchar(191) COLLATE utf8mb4_unicode_ci NOT NULL,
  `remark` text COLLATE utf8mb4_unicode_ci,
  `status` int(11) NOT NULL,
  `created_at` timestamp NULL DEFAULT NULL,
  `updated_at` timestamp NULL DEFAULT NULL,
  `deleted_at` timestamp NULL DEFAULT NULL,
  PRIMARY KEY (`id`)
) ENGINE=InnoDB AUTO_INCREMENT=23 DEFAULT CHARSET=utf8mb4 COLLATE=utf8mb4_unicode_ci;
/*!40101 SET character_set_client = @saved_cs_client */;

--
-- Dumping data for table `orders`
--

LOCK TABLES `orders` WRITE;
/*!40000 ALTER TABLE `orders` DISABLE KEYS */;
INSERT INTO `orders` VALUES (1,4,9,'强','15018749436',110000,110000,0,100,'100','asdf',2,'2017-03-17 02:49:12','2017-03-17 02:49:12',NULL),(2,4,9,'qiang','15018749436',110000,110000,0,100,'100','hello',2,'2017-03-17 18:50:56','2017-03-17 18:50:56',NULL),(3,3,11,'赵先生','10086',110000,110000,0,20,'10块钱','买',2,'2017-03-19 05:14:59','2017-03-19 05:14:59',NULL),(4,1,1,'fdsaf','123',110000,110000,0,100,'100w','m,aimaimaimai',2,'2017-03-19 18:57:19','2017-03-19 18:57:19',NULL),(5,5,14,'在龙','1525886688',110000,110000,0,4,'100000','too陌陌摸摸KKKSQL',2,'2017-03-20 00:29:50','2017-03-20 00:29:50',NULL),(6,6,11,'dsfaf','dfa',110000,110000,0,10,'5266','dfsa',2,'2017-03-20 01:46:16','2017-03-20 01:46:16',NULL),(7,1,9,'qiang','15018749436',110000,110000,0,199,'100w','123',2,'2017-03-22 07:31:26','2017-03-22 07:31:26',NULL),(8,4,20,'123213','12312321123121',110000,110000,0,12,'100','123123',2,'2017-03-22 07:32:53','2017-03-22 07:32:53',NULL),(9,1,9,'qiang','15018749436',110000,110000,0,19,'100w','1',2,'2017-03-22 22:43:38','2017-03-22 22:43:38',NULL),(10,9,9,'qiang','123123',110000,110000,0,123123,'100万','123123',2,'2017-03-22 22:48:16','2017-03-22 22:48:16',NULL),(11,11,13,'123','123123123',110000,110000,0,123,'123','123',2,'2017-03-23 02:27:23','2017-03-23 02:27:23',NULL),(12,7,13,'123','123123',110000,110000,0,123,'10','123',2,'2017-03-23 02:47:46','2017-03-23 02:47:46',NULL),(13,1,13,'12','111',110000,110000,0,11,'100w','11',2,'2017-03-23 05:31:10','2017-03-23 05:31:10',NULL),(14,13,13,'qwe','123',110000,110000,0,123,'we','qwe',2,'2017-03-23 08:55:20','2017-03-23 08:55:20',NULL),(15,14,22,'收到货副书记','12312321123121231',110000,110000,0,123,'10000','1231232132',2,'2017-03-24 09:18:42','2017-03-24 09:18:42',NULL),(16,10,13,'123213','12312321123121231',110000,110000,0,123,'100000','123123',2,'2017-03-25 01:55:38','2017-03-25 01:55:38',NULL),(17,18,35,'123','123',110000,110000,0,123,'qwe','123213',2,'2017-03-25 23:23:59','2017-03-25 23:23:59',NULL),(18,1,9,'qiang','15018749436',110000,110000,0,100,'100w','遛狗',2,'2017-03-26 00:03:17','2017-03-26 00:03:17',NULL),(19,21,9,'抢','15018749436',110000,110000,0,19,'商品','地方',2,'2017-03-26 00:04:46','2017-03-26 00:04:46',NULL),(20,21,9,'qiang','123123132123',110000,110000,0,100,'商品','asdf',2,'2017-03-26 00:05:28','2017-03-26 00:05:28',NULL),(21,22,7,'123213','12312321123121',110000,110000,110101,13,'1000','123',2,'2017-03-26 00:26:27','2017-03-26 00:26:27',NULL),(22,21,9,'qiang','15018749436',150000,150100,150102,100,'商品','100',2,'2017-03-26 01:11:45','2017-03-26 01:11:45',NULL);
/*!40000 ALTER TABLE `orders` ENABLE KEYS */;
UNLOCK TABLES;

--
-- Table structure for table `password_resets`
--

DROP TABLE IF EXISTS `password_resets`;
/*!40101 SET @saved_cs_client     = @@character_set_client */;
/*!40101 SET character_set_client = utf8 */;
CREATE TABLE `password_resets` (
  `email` varchar(191) COLLATE utf8mb4_unicode_ci NOT NULL,
  `token` varchar(191) COLLATE utf8mb4_unicode_ci NOT NULL,
  `created_at` timestamp NULL DEFAULT NULL,
  KEY `password_resets_email_index` (`email`),
  KEY `password_resets_token_index` (`token`)
) ENGINE=InnoDB DEFAULT CHARSET=utf8mb4 COLLATE=utf8mb4_unicode_ci;
/*!40101 SET character_set_client = @saved_cs_client */;

--
-- Dumping data for table `password_resets`
--

LOCK TABLES `password_resets` WRITE;
/*!40000 ALTER TABLE `password_resets` DISABLE KEYS */;
/*!40000 ALTER TABLE `password_resets` ENABLE KEYS */;
UNLOCK TABLES;

--
-- Table structure for table `permission_role`
--

DROP TABLE IF EXISTS `permission_role`;
/*!40101 SET @saved_cs_client     = @@character_set_client */;
/*!40101 SET character_set_client = utf8 */;
CREATE TABLE `permission_role` (
  `id` int(10) unsigned NOT NULL AUTO_INCREMENT,
  `permission_id` int(10) unsigned NOT NULL,
  `role_id` int(10) unsigned NOT NULL,
  PRIMARY KEY (`id`),
  KEY `permission_role_permission_id_foreign` (`permission_id`),
  KEY `permission_role_role_id_foreign` (`role_id`),
  CONSTRAINT `permission_role_role_id_foreign` FOREIGN KEY (`role_id`) REFERENCES `roles` (`id`) ON DELETE CASCADE,
  CONSTRAINT `permission_role_permission_id_foreign` FOREIGN KEY (`permission_id`) REFERENCES `permissions` (`id`) ON DELETE CASCADE
) ENGINE=InnoDB AUTO_INCREMENT=3 DEFAULT CHARSET=utf8mb4 COLLATE=utf8mb4_unicode_ci;
/*!40101 SET character_set_client = @saved_cs_client */;

--
-- Dumping data for table `permission_role`
--

LOCK TABLES `permission_role` WRITE;
/*!40000 ALTER TABLE `permission_role` DISABLE KEYS */;
INSERT INTO `permission_role` VALUES (1,1,2),(2,2,2);
/*!40000 ALTER TABLE `permission_role` ENABLE KEYS */;
UNLOCK TABLES;

--
-- Table structure for table `permissions`
--

DROP TABLE IF EXISTS `permissions`;
/*!40101 SET @saved_cs_client     = @@character_set_client */;
/*!40101 SET character_set_client = utf8 */;
CREATE TABLE `permissions` (
  `id` int(10) unsigned NOT NULL AUTO_INCREMENT,
  `name` varchar(191) COLLATE utf8mb4_unicode_ci NOT NULL,
  `display_name` varchar(191) COLLATE utf8mb4_unicode_ci NOT NULL,
  `sort` smallint(5) unsigned NOT NULL DEFAULT '0',
  `created_at` timestamp NULL DEFAULT NULL,
  `updated_at` timestamp NULL DEFAULT NULL,
  PRIMARY KEY (`id`),
  UNIQUE KEY `permissions_name_unique` (`name`)
) ENGINE=InnoDB AUTO_INCREMENT=4 DEFAULT CHARSET=utf8mb4 COLLATE=utf8mb4_unicode_ci;
/*!40101 SET character_set_client = @saved_cs_client */;

--
-- Dumping data for table `permissions`
--

LOCK TABLES `permissions` WRITE;
/*!40000 ALTER TABLE `permissions` DISABLE KEYS */;
INSERT INTO `permissions` VALUES (1,'view-backend','View Backend',1,'2017-03-16 18:47:01','2017-03-16 18:47:01'),(2,'manage-users','Manage Users',2,'2017-03-16 18:47:01','2017-03-16 18:47:01'),(3,'manage-roles','Manage Roles',3,'2017-03-16 18:47:01','2017-03-16 18:47:01');
/*!40000 ALTER TABLE `permissions` ENABLE KEYS */;
UNLOCK TABLES;

--
-- Table structure for table `products`
--

DROP TABLE IF EXISTS `products`;
/*!40101 SET @saved_cs_client     = @@character_set_client */;
/*!40101 SET character_set_client = utf8 */;
CREATE TABLE `products` (
  `id` int(10) unsigned NOT NULL AUTO_INCREMENT,
  `title` varchar(191) COLLATE utf8mb4_unicode_ci NOT NULL,
  `description` varchar(191) COLLATE utf8mb4_unicode_ci NOT NULL,
  `user_id` int(11) NOT NULL,
  `type_name` varchar(191) COLLATE utf8mb4_unicode_ci NOT NULL,
  `category_id` int(11) NOT NULL,
  `industry_id` int(11) NOT NULL,
  `prov_id` int(11) NOT NULL,
  `city_id` int(11) NOT NULL,
  `area_id` int(11) DEFAULT '0',
  `brand_name` varchar(191) COLLATE utf8mb4_unicode_ci NOT NULL,
  `pic_url` varchar(191) COLLATE utf8mb4_unicode_ci NOT NULL,
  `price` varchar(191) COLLATE utf8mb4_unicode_ci NOT NULL,
  `address` varchar(191) COLLATE utf8mb4_unicode_ci NOT NULL,
  `contact_name` varchar(191) COLLATE utf8mb4_unicode_ci NOT NULL,
  `wechat` varchar(191) COLLATE utf8mb4_unicode_ci NOT NULL,
  `qq` varchar(191) COLLATE utf8mb4_unicode_ci NOT NULL,
  `phone` varchar(191) COLLATE utf8mb4_unicode_ci NOT NULL,
  `view_count` int(11) NOT NULL,
  `collect_count` int(11) NOT NULL,
  `banner_urls` varchar(191) COLLATE utf8mb4_unicode_ci NOT NULL,
  `status` int(11) NOT NULL,
  `created_at` timestamp NULL DEFAULT NULL,
  `updated_at` timestamp NULL DEFAULT NULL,
  `deleted_at` timestamp NULL DEFAULT NULL,
  PRIMARY KEY (`id`)
) ENGINE=InnoDB AUTO_INCREMENT=24 DEFAULT CHARSET=utf8mb4 COLLATE=utf8mb4_unicode_ci;
/*!40101 SET character_set_client = @saved_cs_client */;

--
-- Dumping data for table `products`
--

LOCK TABLES `products` WRITE;
/*!40000 ALTER TABLE `products` DISABLE KEYS */;
INSERT INTO `products` VALUES (1,'收购挖掘机','求收购挖掘机',7,'挖掘机',4,0,110000,110000,0,'蓝翔','','100w','中国, 中国','强','15018749436','39123123','15018749436',50,0,'',2,'2017-03-16 19:58:38','2017-03-26 00:03:50',NULL),(2,'收购挖掘机2','求收购挖掘机2',7,'挖掘机',4,0,110000,110000,0,'蓝翔','/files/1fa49ac928889e197d790b33f4735d8b.png','100w','中国, 中国','强','15018749436','39123123','15018749436',7,0,'',2,'2017-03-16 20:00:20','2017-03-22 22:47:23',NULL),(3,'挖掘机钥匙','钥匙',7,'钥匙',5,0,120000,120000,0,'钥匙','/files/f78c0b50a80d62e1d7cb2a9206d10223.jpeg','10块钱','中国, 中国','强','15018749436','123','15018749436',12,0,'',2,'2017-03-16 20:01:41','2017-03-25 06:58:11',NULL),(4,'铲腿子专用铲','踢球时带上',8,'你好',8,0,130000,130100,0,'铲腿子','/files/95f5746785005c1857627d67fc62f52f.jpeg','100','河北铲腿子','赵先生','10086','100863','13424328852',48,0,'',2,'2017-03-17 00:52:06','2017-03-26 00:08:35',NULL),(5,'耳机','大耳机音效好',12,'耳机',12,0,150000,150100,0,'耳机','/files/e436cbcaec457c0e2d6b87b027898e82.jpeg','100000','足球场','我是大哥','10089','10083','1086',1,0,'',2,'2017-03-19 23:10:33','2017-03-22 06:48:30',NULL),(6,'挖掘机','来咯哦了里low塔吉克族',14,'破碎锤',12,0,630000,630100,0,'找我','/files/c62f3e97478bbb757f9748660d0d54d5.png','5266','too哦KKK啦咯','发','455666888','14558866','15568856',5,0,'',2,'2017-03-20 00:16:03','2017-03-22 07:35:58',NULL),(7,'京津冀','京津冀',13,'耳机',12,0,110000,110000,0,'beats','/files/96b39820d8cc38247fa14db0bd760803.jpeg','10','实际上就是','卖你一个亿','10033','10074','10086',27,0,'',2,'2017-03-21 22:25:20','2017-03-25 02:36:57','2017-03-25 02:36:57'),(8,'1231','23',20,'破碎锤',7,0,110000,110000,110101,'1231','/files/a30c8fe37398af41c28aaca211f4adb7.jpeg','231','123','找危机','123123','231','231',4,0,'',2,'2017-03-22 07:35:53','2017-03-22 10:07:05',NULL),(9,'挖掘机之王123','补充信息adsf',9,'破碎锤之王',93,0,110000,110000,110101,'品牌','/files/21c12f60354553c658c3ad52519a942a.jpeg','100万','地址','强－厂家','123123','39123123','15018749436',2,0,'[\"\\/files\\/dfe0dc4ff94a9f924c5383242bbe9ad9.jpeg\",\"\\/files\\/21c12f60354553c658c3ad52519a942a.jpeg\"]',2,'2017-03-22 08:10:46','2017-03-25 02:35:25','2017-03-25 02:35:25'),(10,'无敌的存在','是多么的寂寞',13,'破碎锤',7,0,110000,110000,110101,'无敌','/files/c80cdcbfaf6e36839263b425c7387d55.jpeg','100000','20086','卖你一个亿','10086','10086','100856',10,0,'[\"\\/files\\/c5163b70ea3151bd00a4d8d0870c25c9.jpeg\",\"\\/files\\/c80cdcbfaf6e36839263b425c7387d55.jpeg\",\"\\/files\\/cf549907b32c9f8e462c4e6826d2b7ff.jpeg\"]',2,'2017-03-22 10:09:19','2017-03-25 02:37:01','2017-03-25 02:37:01'),(11,'1231','23',13,'破碎锤',7,0,110000,110000,110101,'123','/files/10ea5eefe9fc802e73d46072ee91907e.jpeg','123','213123','卖你一个亿','123123','123','1231',32,0,'[\"\\/files\\/ef3ddb908288ca360f88d13a945f2ed4.jpeg\",\"\\/files\\/10ea5eefe9fc802e73d46072ee91907e.jpeg\"]',2,'2017-03-23 02:27:05','2017-03-26 00:38:18',NULL),(12,'1231','23',13,'破碎锤',7,0,110000,110000,110101,'123','/files/b186673fe9ed37f3004c1a8b06e4f9bb.jpeg','123','123','卖你一个亿','123123','23','1231',2,0,'[\"\\/files\\/8fc6849d841fe0218475719db122b0f6.jpeg\",\"\\/files\\/b186673fe9ed37f3004c1a8b06e4f9bb.jpeg\"]',2,'2017-03-23 02:49:20','2017-03-25 02:37:04','2017-03-25 02:37:04'),(13,'你好','qwe',13,'破碎锤',7,0,150000,150100,150102,'qweq','/files/287aabcdfba8f0bf3d9e95c6b557d1c1.jpeg','we','qwe','卖你一个亿','qweqwe','qwe','qwe',6,0,'[\"\\/files\\/63c9d78db95e7a358444bb6228f4dcdc.jpeg\",\"\\/files\\/287aabcdfba8f0bf3d9e95c6b557d1c1.jpeg\"]',2,'2017-03-23 08:54:54','2017-03-25 22:34:48',NULL),(14,'足球队','中超足球队；打爆一切',13,'租赁',86,0,110000,110000,110101,'恒大','/files/54928f4ed054eccc2d121ae453d7fadb.jpeg','10000','10086','卖你一个亿','10086','10086','10086',17,0,'[\"\\/files\\/78f4d285978f89861be6f460e8b2df3a.jpeg\",\"\\/files\\/54928f4ed054eccc2d121ae453d7fadb.jpeg\"]',2,'2017-03-24 04:06:07','2017-03-25 22:58:43',NULL),(15,'挖掘机','放得开了管理科的双方各',15,'租赁',93,0,110000,110000,110101,'小松','/files/60e17e59acc4a400a868dde04863bc6c.jpeg','200','第三轮扣积分换','魏小强','qhdgf','453853689','13620222963',12,0,'[\"\\/files\\/95a046e6a319346c006a1a9a07e0bb16.jpeg\",\"\\/files\\/60e17e59acc4a400a868dde04863bc6c.jpeg\"]',2,'2017-03-24 20:00:43','2017-03-26 00:30:16',NULL),(16,'挖掘机之王','补充信息',9,'购买产品',107,0,110000,110000,110101,'品牌','/files/21c12f60354553c658c3ad52519a942a.jpeg','100万','地址','强－厂家','123123','39123123','15018749436',0,0,'[\"\\/files\\/dfe0dc4ff94a9f924c5383242bbe9ad9.jpeg\",\"\\/files\\/21c12f60354553c658c3ad52519a942a.jpeg\"]',2,'2017-03-25 02:24:37','2017-03-25 02:35:31','2017-03-25 02:35:31'),(17,'挖掘机之王','补充信息',9,'购买产品',107,0,110000,110000,110101,'品牌','/files/21c12f60354553c658c3ad52519a942a.jpeg','100万','地址','强－厂家','123123','39123123','15018749436',2,0,'[\"\\/files\\/dfe0dc4ff94a9f924c5383242bbe9ad9.jpeg\",\"\\/files\\/21c12f60354553c658c3ad52519a942a.jpeg\",\"\\/files\\/0ceae53fb36c99418e3536758ea00dfd.jpeg\"]',2,'2017-03-25 02:24:46','2017-03-25 02:36:05','2017-03-25 02:36:05'),(18,'tttg','ffggg',13,'二手其他设备',80,0,110000,110000,110108,'oo','/files/0dda092ad812fbfbb77e92695c98b9eb.jpeg','qwe','ggg','卖你一个亿','ffgh','而言','123',5,0,'[\"\\/files\\/d42b5dea60dab13284bae72d60cedaa6.jpeg\",\"\\/files\\/0dda092ad812fbfbb77e92695c98b9eb.jpeg\"]',2,'2017-03-25 05:39:57','2017-03-25 23:23:01',NULL),(19,'tttg','ffggg',13,'二手其他设备',80,0,110000,110000,110108,'oo','/files/0dda092ad812fbfbb77e92695c98b9eb.jpeg','qwe','ggg','卖你一个亿','ffgh','而言','123',1,0,'[\"\\/files\\/d42b5dea60dab13284bae72d60cedaa6.jpeg\",\"\\/files\\/0dda092ad812fbfbb77e92695c98b9eb.jpeg\"]',2,'2017-03-25 05:41:31','2017-03-25 22:58:52',NULL),(20,'需要维修--用户','用户',7,'需要维修',90,0,110000,110000,110101,'不知道','/files/da2d0af79687198bf6dfce36f9c4932c.jpeg','面议','798','强','7987','798','798',0,0,'[\"\\/files\\/da2d0af79687198bf6dfce36f9c4932c.jpeg\"]',2,'2017-03-25 22:59:53','2017-03-25 22:59:53',NULL),(21,'厂商发布商品','商品',9,'其他工程机械设备',102,0,110000,110000,110101,'上欧普','/files/e314e28cc11a403543000d29aaddc831.jpeg','商品','123','强－厂家','123','123','1000',12,0,'[\"\\/files\\/e314e28cc11a403543000d29aaddc831.jpeg\"]',2,'2017-03-25 23:06:03','2017-03-26 01:16:33',NULL),(22,'用户发布商品用户','用户',35,'租赁',93,0,130000,130100,130102,'用户','/files/005c985c1b32a90885412065de43d0f4.jpeg','1000','篮球茶馆','qiang','10000001','100000','10000',12,0,'[\"\\/files\\/005c985c1b32a90885412065de43d0f4.jpeg\"]',2,'2017-03-25 23:27:55','2017-03-26 00:26:20',NULL),(23,'用户','111',7,'需要维修',90,0,110000,110000,110101,'123','/files/9149d2db9c02ad4ef35a5bdbe424413e.jpeg','111','12346','强','123456','379808146','13424328852',1,0,'[\"\\/files\\/9149d2db9c02ad4ef35a5bdbe424413e.jpeg\"]',2,'2017-03-26 00:24:00','2017-03-26 00:24:02',NULL);
/*!40000 ALTER TABLE `products` ENABLE KEYS */;
UNLOCK TABLES;

--
-- Table structure for table `profiles`
--

DROP TABLE IF EXISTS `profiles`;
/*!40101 SET @saved_cs_client     = @@character_set_client */;
/*!40101 SET character_set_client = utf8 */;
CREATE TABLE `profiles` (
  `id` int(10) unsigned NOT NULL AUTO_INCREMENT,
  `avatar` varchar(191) COLLATE utf8mb4_unicode_ci DEFAULT '',
  `type` int(11) NOT NULL,
  `user_id` int(11) NOT NULL,
  `prov_id` int(11) NOT NULL,
  `city_id` int(11) NOT NULL,
  `area_id` int(11) DEFAULT '0',
  `category_id` int(11) NOT NULL,
  `category_ids` varchar(255) COLLATE utf8mb4_unicode_ci DEFAULT '',
  `service` varchar(191) COLLATE utf8mb4_unicode_ci DEFAULT '',
  `industry_id` int(11) DEFAULT '0',
  `industry_name` varchar(255) COLLATE utf8mb4_unicode_ci DEFAULT '',
  `is_identity` int(11) DEFAULT '0',
  `realname` varchar(191) COLLATE utf8mb4_unicode_ci DEFAULT '',
  `identity_str` varchar(191) COLLATE utf8mb4_unicode_ci DEFAULT '',
  `identity_urls` text COLLATE utf8mb4_unicode_ci,
  `remark` text COLLATE utf8mb4_unicode_ci,
  `created_at` timestamp NULL DEFAULT NULL,
  `updated_at` timestamp NULL DEFAULT NULL,
  `deleted_at` timestamp NULL DEFAULT NULL,
  `sex` int(11) DEFAULT NULL,
  `is_recommand` int(11) NOT NULL DEFAULT '0',
  `recommand_count` int(11) DEFAULT NULL,
  `invite_code` varchar(255) COLLATE utf8mb4_unicode_ci DEFAULT '',
  `invite_count` int(11) DEFAULT '0',
  PRIMARY KEY (`id`)
) ENGINE=InnoDB AUTO_INCREMENT=34 DEFAULT CHARSET=utf8mb4 COLLATE=utf8mb4_unicode_ci;
/*!40101 SET character_set_client = @saved_cs_client */;

--
-- Dumping data for table `profiles`
--

LOCK TABLES `profiles` WRITE;
/*!40000 ALTER TABLE `profiles` DISABLE KEYS */;
INSERT INTO `profiles` VALUES (1,'',3,6,110000,110000,0,1,'','',0,'求战信息',1,'','','',NULL,'2017-03-16 19:24:44','2017-03-22 16:34:14',NULL,NULL,0,NULL,'',0),(2,'/files/c15ffeb7812d76d8b31a7242dc528724.jpeg',3,7,110000,110000,0,1,'','销售经理',0,'求战信息',3,'你好','440332132165465','[\"\\/files\\/3dc0d6ec6ca94b305a40273bb83c7953.jpeg\"]',NULL,'2017-03-16 19:25:53','2017-03-26 00:29:00',NULL,1,0,20,'',0),(3,'/files/89f186d02093c98c77dfaa640e19b69a.jpeg',1,8,140000,140100,0,2,'','总裁',0,'天下第一挖掘机',1,'世界第一挖掘机','111111111111111111','[\"\\/files\\/eaa0c83eb5184691ff3084897fc28190.jpeg\",\"\\/files\\/7c7f300e122ee6e25cad53a8f3a6f3cc.jpeg\",\"\\/files\\/8abb359a750dfa686cd8f603f5cbf041.jpeg\",\"\\/files\\/c0770951e5f12f9d13f4f13c5d5e6d64.jpeg\",\"\\/files\\/ea644067247b2d0fadb1c23ed7a79f34.jpeg\"]',NULL,'2017-03-16 19:29:55','2017-03-25 06:48:43',NULL,NULL,1,4,'',0),(4,'/files/adcf6406c44120ea050909fbd1045168.jpeg',1,9,110000,110000,110101,2,'','',0,'皮皮科技',2,'皮皮科技','100','[\"\\/files\\/cb365b8ae3d41d84d04d3613c54f5124.jpeg\",\"\\/files\\/b546ab67a8266becbcb0f0a22fc6b868.jpeg\",null,null,null]',NULL,'2017-03-16 20:30:57','2017-03-25 21:59:09',NULL,0,1,4,'',0),(5,'/files/d77e1eb69300f1febcb3cc7e91bc96bd.jpeg',2,10,110000,110000,0,6,'','',0,'皮皮思科技',3,'皮皮思科技','123123','[\"\\/files\\/e1c2b8ffc2628f58c060a9eea99af958.jpeg\",\"\\/files\\/ad843a577626d9db8a379ed6a3f7fdea.jpeg\",null,null,null]',NULL,'2017-03-16 22:08:12','2017-03-25 23:13:47',NULL,0,1,NULL,'',0),(6,'/files/8f191bad8a5b16c2f508008f667a3354.jpeg',3,11,310000,310000,0,3,'','老板',0,'无敌破碎锤',0,'你好','123123','[\"\\/files\\/0120248dfcee944adbd6912d6e50accd.jpeg\"]',NULL,'2017-03-19 01:32:12','2017-03-22 16:43:15',NULL,0,1,NULL,'',0),(7,'',2,12,110000,110000,0,6,'','',0,'大哥',0,'','','',NULL,'2017-03-19 23:06:23','2017-03-19 23:32:23',NULL,NULL,1,NULL,'',0),(8,'/files/f0127f6de999ff53027ab77dc81f910b.jpeg',2,13,310000,310000,310108,13,'','总',0,'河南人',2,'河南人','2¥2662626','[\"\\/files\\/6c23318c2b051b508bffcb38640342b6.jpeg\",\"\\/files\\/2b660a45a6e8e900b26fd3aed96e1451.jpeg\",\"\\/files\\/5e665671a4864ec6b4b70c339acd213e.jpeg\",\"\\/files\\/fdd2566028ef236b538fb0e85d0cbf6b.jpeg\",\"\\/files\\/031deee60387e94285b452bbbeff1ed3.jpeg\"]',NULL,'2017-03-19 23:15:27','2017-03-25 22:56:55',NULL,1,1,8,'',0),(9,'/files/f84c06fb6d8845fcdec81b634b25e7f5.jpeg',2,14,230000,230100,0,13,'','墨迹',0,'你几级了',1,'','','',NULL,'2017-03-20 00:11:58','2017-03-24 05:03:31',NULL,1,0,NULL,'',0),(10,'/files/faf48e74158274276f867eea710629a3.png',3,15,110000,110000,0,1,'','',0,'美朝科技',0,'','','',NULL,'2017-03-21 00:58:34','2017-03-26 00:31:42',NULL,1,0,1,'',0),(11,'/files/b04c628508cee7a0427b33f0625eacff.jpeg',3,16,110000,110000,110101,1,'','嗯嗯嗯',0,'哈哈阿根',0,'','','',NULL,'2017-03-22 03:01:50','2017-03-22 03:02:42',NULL,1,0,NULL,'',0),(12,'',2,20,140000,140100,0,15,'','',0,'自卫队法',1,'','','',NULL,'2017-03-22 07:31:44','2017-03-25 07:02:16',NULL,NULL,0,NULL,'',0),(13,'',1,21,110000,110000,110101,2,'','1',0,'中大哥',2,'','','',NULL,'2017-03-23 21:39:19','2017-03-25 22:27:50',NULL,1,0,NULL,'',0),(14,'/files/e1c5e28877a495fd71dfe09c85ab76c7.jpeg',2,22,110000,110000,110101,67,'','总经理',0,'挖掘机',0,'','','',NULL,'2017-03-23 22:08:26','2017-03-25 22:55:13',NULL,1,1,0,'',0),(15,'',2,23,120000,120000,120101,67,'','',0,'我好',0,'','','',NULL,'2017-03-23 22:09:12','2017-03-23 22:09:12',NULL,NULL,0,NULL,'',0),(16,'',2,24,110000,110000,110101,68,'','',0,'大家好',0,'','','',NULL,'2017-03-23 22:09:47','2017-03-23 22:09:47',NULL,NULL,0,NULL,'',0),(17,'',2,25,140000,140100,140105,68,'','',0,'真的好',0,'','','',NULL,'2017-03-23 22:10:26','2017-03-23 22:10:26',NULL,NULL,0,NULL,'',0),(18,'/files/546d2a2a6e3bb639b6f386ef76bda2bf.jpeg',2,27,150000,150700,150702,69,'','总经理',0,'内蒙挖掘机之王',1,'','','',NULL,'2017-03-23 22:13:10','2017-03-24 20:05:03',NULL,0,0,NULL,'',0),(19,'',2,28,150000,150100,150102,70,'','',0,'内蒙挖掘机配件',0,'','','',NULL,'2017-03-23 22:13:56','2017-03-23 22:13:56',NULL,NULL,0,NULL,'',0),(20,'',1,29,220000,220100,220102,63,'','',0,'挖掘属具',0,'','','',NULL,'2017-03-23 22:15:16','2017-03-23 22:15:16',NULL,NULL,0,NULL,'',0),(21,'',2,30,150000,150100,150102,76,'','',0,'挖掘拘束',0,'','','',NULL,'2017-03-23 22:15:57','2017-03-25 18:40:37',NULL,NULL,0,NULL,'',0),(22,'',2,31,150000,150100,150102,71,'','',0,'有风',0,'','','',NULL,'2017-03-23 22:16:43','2017-03-25 18:40:42',NULL,NULL,0,NULL,'',0),(23,'',1,32,110000,110000,110101,58,'','',0,'液压',0,'','','',NULL,'2017-03-23 22:17:26','2017-03-23 22:17:26',NULL,NULL,0,NULL,'',0),(24,'/files/48abe0b9fb2f71f94642a213d23c1150.jpeg',2,33,140000,140100,140105,73,'','sdf',0,'112313',2,'','','',NULL,'2017-03-23 22:17:54','2017-03-25 21:55:24',NULL,1,1,1,'',0),(25,'',3,35,110000,110000,110101,92,'','zhiye',0,'qiang',3,'','','',NULL,'2017-03-24 02:44:30','2017-03-25 23:18:40',NULL,0,0,NULL,'',0),(26,'',3,37,110000,110000,110101,72,'64|67|68|72|108','',0,NULL,0,'','','',NULL,'2017-03-25 00:01:34','2017-03-25 00:01:34',NULL,NULL,0,NULL,'',0),(27,'',3,38,110000,110000,110101,72,'64|67|68|72|108','',0,NULL,0,'','','',NULL,'2017-03-25 00:03:59','2017-03-25 00:03:59',NULL,NULL,0,NULL,'',0),(28,'',3,39,110000,110000,110101,72,'64|67|68|72|108','',0,NULL,0,'','','',NULL,'2017-03-25 00:04:41','2017-03-25 00:04:41',NULL,NULL,0,NULL,'',0),(29,'',2,40,110000,110000,110101,125,'125|126|127|128|129','',0,'agent',0,'','','',NULL,'2017-03-25 00:07:45','2017-03-25 18:39:56',NULL,NULL,1,NULL,'',0),(30,'',1,41,110000,110000,110101,116,'116|117|119|120','zhiye',0,'manufacturer',2,'','','',NULL,'2017-03-25 00:08:31','2017-03-25 21:55:48',NULL,0,0,NULL,'',0),(31,'/image/avatar.png',3,42,110000,110000,110101,68,'67|68','',0,NULL,0,'','','',NULL,'2017-03-25 00:21:02','2017-03-25 00:21:02',NULL,NULL,0,NULL,'',0),(32,'/image/avatar.png',3,43,110000,110000,110101,67,'67','',0,NULL,0,'','','',NULL,'2017-03-25 00:21:47','2017-03-25 21:13:33',NULL,NULL,0,NULL,'hello',2),(33,'/image/avatar.png',3,44,110000,110000,110101,92,'92','',0,NULL,0,'','','',NULL,'2017-03-25 21:10:13','2017-03-25 21:10:13',NULL,NULL,0,NULL,'',0);
/*!40000 ALTER TABLE `profiles` ENABLE KEYS */;
UNLOCK TABLES;

--
-- Table structure for table `role_user`
--

DROP TABLE IF EXISTS `role_user`;
/*!40101 SET @saved_cs_client     = @@character_set_client */;
/*!40101 SET character_set_client = utf8 */;
CREATE TABLE `role_user` (
  `id` int(10) unsigned NOT NULL AUTO_INCREMENT,
  `user_id` int(10) unsigned NOT NULL,
  `role_id` int(10) unsigned NOT NULL,
  PRIMARY KEY (`id`),
  KEY `role_user_user_id_foreign` (`user_id`),
  KEY `role_user_role_id_foreign` (`role_id`),
  CONSTRAINT `role_user_role_id_foreign` FOREIGN KEY (`role_id`) REFERENCES `roles` (`id`) ON DELETE CASCADE,
  CONSTRAINT `role_user_user_id_foreign` FOREIGN KEY (`user_id`) REFERENCES `users` (`id`) ON DELETE CASCADE
) ENGINE=InnoDB AUTO_INCREMENT=39 DEFAULT CHARSET=utf8mb4 COLLATE=utf8mb4_unicode_ci;
/*!40101 SET character_set_client = @saved_cs_client */;

--
-- Dumping data for table `role_user`
--

LOCK TABLES `role_user` WRITE;
/*!40000 ALTER TABLE `role_user` DISABLE KEYS */;
INSERT INTO `role_user` VALUES (1,1,1),(2,2,2),(3,3,3),(6,7,3),(7,8,3),(8,9,3),(9,10,3),(10,11,3),(11,12,3),(12,13,3),(13,14,3),(14,15,3),(15,16,3),(16,20,3),(17,21,3),(18,22,3),(19,23,3),(20,24,3),(21,25,3),(22,27,3),(23,28,3),(24,29,3),(25,30,3),(26,31,3),(27,32,3),(28,33,3),(29,35,3),(30,36,3),(31,37,3),(32,38,3),(33,39,3),(34,40,3),(35,41,3),(36,42,3),(37,43,3),(38,44,3);
/*!40000 ALTER TABLE `role_user` ENABLE KEYS */;
UNLOCK TABLES;

--
-- Table structure for table `roles`
--

DROP TABLE IF EXISTS `roles`;
/*!40101 SET @saved_cs_client     = @@character_set_client */;
/*!40101 SET character_set_client = utf8 */;
CREATE TABLE `roles` (
  `id` int(10) unsigned NOT NULL AUTO_INCREMENT,
  `name` varchar(191) COLLATE utf8mb4_unicode_ci NOT NULL,
  `all` tinyint(1) NOT NULL DEFAULT '0',
  `sort` smallint(5) unsigned NOT NULL DEFAULT '0',
  `created_at` timestamp NULL DEFAULT NULL,
  `updated_at` timestamp NULL DEFAULT NULL,
  PRIMARY KEY (`id`),
  UNIQUE KEY `roles_name_unique` (`name`)
) ENGINE=InnoDB AUTO_INCREMENT=4 DEFAULT CHARSET=utf8mb4 COLLATE=utf8mb4_unicode_ci;
/*!40101 SET character_set_client = @saved_cs_client */;

--
-- Dumping data for table `roles`
--

LOCK TABLES `roles` WRITE;
/*!40000 ALTER TABLE `roles` DISABLE KEYS */;
INSERT INTO `roles` VALUES (1,'Administrator',1,1,'2017-03-16 18:47:01','2017-03-16 18:47:01'),(2,'Executive',0,2,'2017-03-16 18:47:01','2017-03-16 18:47:01'),(3,'User',0,3,'2017-03-16 18:47:01','2017-03-16 18:47:01');
/*!40000 ALTER TABLE `roles` ENABLE KEYS */;
UNLOCK TABLES;

--
-- Table structure for table `social_logins`
--

DROP TABLE IF EXISTS `social_logins`;
/*!40101 SET @saved_cs_client     = @@character_set_client */;
/*!40101 SET character_set_client = utf8 */;
CREATE TABLE `social_logins` (
  `id` int(10) unsigned NOT NULL AUTO_INCREMENT,
  `user_id` int(10) unsigned NOT NULL,
  `provider` varchar(32) COLLATE utf8mb4_unicode_ci NOT NULL,
  `provider_id` varchar(191) COLLATE utf8mb4_unicode_ci NOT NULL,
  `token` varchar(191) COLLATE utf8mb4_unicode_ci DEFAULT NULL,
  `avatar` varchar(191) COLLATE utf8mb4_unicode_ci DEFAULT NULL,
  `created_at` timestamp NULL DEFAULT NULL,
  `updated_at` timestamp NULL DEFAULT NULL,
  PRIMARY KEY (`id`),
  KEY `social_logins_user_id_foreign` (`user_id`),
  CONSTRAINT `social_logins_user_id_foreign` FOREIGN KEY (`user_id`) REFERENCES `users` (`id`) ON DELETE CASCADE
) ENGINE=InnoDB DEFAULT CHARSET=utf8mb4 COLLATE=utf8mb4_unicode_ci;
/*!40101 SET character_set_client = @saved_cs_client */;

--
-- Dumping data for table `social_logins`
--

LOCK TABLES `social_logins` WRITE;
/*!40000 ALTER TABLE `social_logins` DISABLE KEYS */;
/*!40000 ALTER TABLE `social_logins` ENABLE KEYS */;
UNLOCK TABLES;

--
-- Table structure for table `users`
--

DROP TABLE IF EXISTS `users`;
/*!40101 SET @saved_cs_client     = @@character_set_client */;
/*!40101 SET character_set_client = utf8 */;
CREATE TABLE `users` (
  `id` int(10) unsigned NOT NULL AUTO_INCREMENT,
  `name` varchar(191) COLLATE utf8mb4_unicode_ci NOT NULL,
  `phone` varchar(191) COLLATE utf8mb4_unicode_ci NOT NULL,
  `email` varchar(191) COLLATE utf8mb4_unicode_ci NOT NULL,
  `password` varchar(191) COLLATE utf8mb4_unicode_ci DEFAULT NULL,
  `status` tinyint(3) unsigned NOT NULL DEFAULT '1',
  `confirmation_code` varchar(191) COLLATE utf8mb4_unicode_ci DEFAULT NULL,
  `confirmed` tinyint(1) NOT NULL DEFAULT '1',
  `remember_token` varchar(100) COLLATE utf8mb4_unicode_ci DEFAULT NULL,
  `created_at` timestamp NULL DEFAULT NULL,
  `updated_at` timestamp NULL DEFAULT NULL,
  `deleted_at` timestamp NULL DEFAULT NULL,
  PRIMARY KEY (`id`),
  UNIQUE KEY `users_phone_unique` (`phone`)
) ENGINE=InnoDB AUTO_INCREMENT=45 DEFAULT CHARSET=utf8mb4 COLLATE=utf8mb4_unicode_ci;
/*!40101 SET character_set_client = @saved_cs_client */;

--
-- Dumping data for table `users`
--

LOCK TABLES `users` WRITE;
/*!40000 ALTER TABLE `users` DISABLE KEYS */;
INSERT INTO `users` VALUES (1,'Admin Istrator','19000000001','admin@admin.com','$2y$10$KZDYnvAuTQKUv1NLEtGff.rMoxLkDZVZNrSpgxKKmYXzbsQkz6AG6',1,'542582d1d645711bc6c009c2436f2747',1,'dq7Ve3qcmkvJjYV9g8dUYrzfh7TFyM8zlrmb4vo21y7SJnEabPoqV5X5YhGy','2017-03-16 18:47:00','2017-03-16 18:47:00',NULL),(2,'Backend User','19000000002','executive@executive.com','$2y$10$ewO0i0AO8mlaf89VcqwtGOc/x8x1q4FRgX6/X2yjet3No.1pEwp26',1,'91fcca20ff6346e17396b77d1ffeca6d',1,'V0Zt6ZW4MHPGI2FGVbonUeT4JgMPfYb1f94K3tgoI2XTnTfNxhZWPw5t55GT','2017-03-16 18:47:01','2017-03-16 18:47:01',NULL),(3,'Default User','19000000003','user@user.com','$2y$10$nKz5J9Sb5Pqw7sLZO5e2s.F1dxec1tPfeyfU/g3OraL/3xgq7NKuC',0,'a556f640e4e0290915ff63a43b7d0d53',1,NULL,'2017-03-16 18:47:01','2017-03-24 09:33:48',NULL),(7,'强','15018749439','15018749439@phone','$2y$10$0jsXrnF9F0TLo28ICfYjXO1CMU7wzY7O5P6EIT8hnOHz1QmUL3Aii',1,'fcc466eb828c110ddbc8e1d494e41cdd',1,'SrAL1b4CT2xpMmCE959zwv2s8OpJG17z2iIkiJVdnZ54UJQsi5o9GOErw0jt','2017-03-16 19:25:53','2017-03-16 22:11:56',NULL),(8,'赵先生','13424328852','13424328852@phone','$2y$10$FRI220vmllUQFUQankinBOsYnn1L3WsADy6.aCn.YhvZi6TZynY0S',0,'f33d59d9a8898db819db0bc209572b28',1,'QRj3HudAaG6d0EuCk7IOHHF2mfGgY0fv2TSAN2SYVbCJ1eGeJhXN79JaaRMz','2017-03-16 19:29:55','2017-03-17 01:15:22',NULL),(9,'强－厂家','15018749436','15018749436@phone','$2y$10$E8WkKWSRrsM7C9MO7b1jnO0id8/prqu4BCxk52Dnpqc/S6NOpEurK',1,'76f3369127292adb00bb92b73240999c',1,'l2ZO8okoHdGds4iE0kc4qWv9wNZAYOc985C9c9kc4qy605KmG2CaEqmgRIGw','2017-03-16 20:30:57','2017-03-21 23:47:33',NULL),(10,'qiang-经销商','19000000010','19000000010@phone','$2y$10$SEFz5c6pOSiANLcM5DfYouhKARGwQ.45QLhqOgKV0nsOHnmbz7R/S',1,'c99406c5b4de247692955eab72320234',1,'DV89gJIReS1JSDQt9D9AQdFRRhLm35k69mPY4E00t7qMQaGc7kK3Vtex5Gvu','2017-03-16 22:08:12','2017-03-16 22:08:12',NULL),(11,'你好','13800138000','13800138000@phone','$2y$10$ozA0RJQhdqdM6G.Pm9C67.6TIJKwpilzhki4K7uKDI3lb0bYpF3aO',1,'1fff0bc035de64de73a11cc18a26208a',1,'5cnK7xU4Y8CuCUuyOGROg4oyOcDIUVBoSEbGMZf2fsFwgYkDTpo1GcIPJ8bt','2017-03-19 01:32:12','2017-03-19 22:59:01',NULL),(12,'我是大哥','123456','123456@phone','$2y$10$Kov9dcsAhhaCPl3Zz6yXNO6S8Uh2En9uoOc5D7m3PjzkPekwBxeTm',1,'b93da3c234d01916c270f09af1f9abdd',1,'6dCOJglFJFsh8ZimZBaNFHJnR2EbvDFFIDbATuQwCb2pe5vpgdkChVhNLZkE','2017-03-19 23:06:23','2017-03-19 23:06:23',NULL),(13,'卖你一个亿','100000','100000@phone','$2y$10$iBjjyFpEzm0NhsYNpCtnA.LTPuyL3qsM25XssnzsRG5RmLl6UaCeK',1,'c86639555f3a6729451d4547505f3318',1,'Iw1k9OnWMHu4lc2Dfbb1Gu9UkEbDOTUkb8pn9uTG7gbMwuHdpOgAg4M8nfcj','2017-03-19 23:15:27','2017-03-19 23:15:27',NULL),(14,'发','88888888','88888888@phone','$2y$10$kqlNPGRBHBdIS0ungRKaf.FJeQOw3hldnAAEW/Q5aFXTxgGVVPqlu',1,'b661a8e56da389f8934c5b9581fa51b6',1,NULL,'2017-03-20 00:11:58','2017-03-20 00:11:58',NULL),(15,'魏小强','13620222963','13620222963@phone','$2y$10$uEOWR24aN9npjl0f5C68zu0vt6GxCSZXbujd9AZJ8f.HjtpEL7O42',1,'3e94c4a2c5819751e0388125148880f2',1,'njYf36jO6uwqBck3VBGmB4ZYm0Uw6ZFzIVS8j69Up8qJQ7OSuw2UqgUv9gh3','2017-03-21 00:58:34','2017-03-21 00:58:34',NULL),(16,'哈哈','18503081926','18503081926@phone','$2y$10$XOCdjuo3QM7swE5wAAMZ6OCEk9UsdR0B4XUE5FR6S8bWFQjlroQbG',1,'fc6ce236f09446956b12b8a8257d7e41',1,NULL,'2017-03-22 03:01:50','2017-03-22 03:01:50',NULL),(20,'找危机','150132132','150132132@phone','$2y$10$bxkt1k/7XRwnO/6MIY0NOORGRGkUGQQXc5OM25a1BD2rO1f81dHMW',1,'f7809075bec47498bc6ce225663a7519',1,NULL,'2017-03-22 07:31:44','2017-03-22 07:31:44',NULL),(21,'中大哥','100001','100001@phone','$2y$10$saXc5gFEsJ4SjgV/WKy6yuMzGQdvBAoZe2ZY4azJEA9Q2H1SU2WSm',1,'b223fc22ae416eeb81fe4c3b1acb6038',1,'itbDLQ6EF9nADL8mbc4irfa1P6UdOgWJkZeAM60mS2PeF6l227nPIm7BG8pS','2017-03-23 21:39:19','2017-03-23 21:39:19',NULL),(22,'1','100002','100002@phone','$2y$10$OCyM12oo5unTHrCnO6hlTucf4U6nluqRaY2NGGWT1sJldLEbpoZSK',1,'2fd6145f22cce4e38b6b7ab40609249a',1,'fYt6yGhd0xgFMXrvscNV7tO5tvUpQU6p3ZKZNxjILPd6XRMY7fxKEFyCxdfC','2017-03-23 22:08:26','2017-03-23 22:08:26',NULL),(23,'2','100003','100003@phone','$2y$10$/Wvk/3DmymGcFpWGbvsKoe7pFWI3ErdZXNAFa8s8xMeoeN0StH8L.',1,'693945e9a621a66b1d48f0e7f6e48efc',1,'hrTX99uPyt1yxPyT5C8IOJWexfHDQzyVmUxF4aAzUWP7KaQk6nWiHFbujIAf','2017-03-23 22:09:12','2017-03-23 22:09:12',NULL),(24,'4','100004','100004@phone','$2y$10$IguZk/RYZtVLT2S8uEo5vOPn3KQ.LfW70mYVmZVPJ3aU4OxW9.0pK',1,'3bcf44be5bfb1d18a4d76d12e90ebd58',1,'UlLcTYrfqhX01VTT3Lb5yrEiI4koeJkQOytJnvWCGfs1fp9VRWe2v4tYF6LA','2017-03-23 22:09:47','2017-03-23 22:09:47',NULL),(25,'5','100005','100005@phone','$2y$10$SgxlfMRIfmkz.Sdipu.j6uY8F9O8BXuDKrx3l23nks9aC.g9HPemi',1,'6b7c4d00245057165628798163ded36f',1,'BeT0DzfdPCEaHOYVXSY55L973FUIlrLkuoV1h5ItSlERDxmVh1Dsg8fP5l0y','2017-03-23 22:10:26','2017-03-23 22:10:26',NULL),(27,'6','100008','100008@phone','$2y$10$aVrmNEaGvzi9bs7.zl2Yyuh099NFGaPtyXfp0LiMqmYENCfmvl93O',1,'1f54ed46fdec780bc96e92be23977fb6',1,'RejYv3CiS9tZOJ39v14zrz7Zeh6zubS340WR1ABCeWl6Di8bHHfcnIX1Uyqf','2017-03-23 22:13:10','2017-03-23 22:13:10',NULL),(28,'9','100009','100009@phone','$2y$10$IWqk7AVGa6s1KPzxzXuSe.ghBaio.JYzOWJGILYKufhlCbwSichIS',1,'584fd142313c5a9f0e2c4574cfb6e901',1,'YjsaugkjUQpd9GQpQBX4mMNDQDMPLc462aRPj5whJN7fNtsdqhSc4oNP3WIz','2017-03-23 22:13:55','2017-03-23 22:13:55',NULL),(29,'你好','100010','100010@phone','$2y$10$m52ZaB56WpDlew090.9LA.WclhJf/9nRdhfa7bqYFh0o5VFJjkd8y',1,'7c1eaae0fb745580e7df712026594c27',1,'x2Ne1H1xDB90Hdmi6doAl6fEXcQTaEl2ClcJBkpPnhkYPmkistIkz2exVby3','2017-03-23 22:15:16','2017-03-23 22:15:16',NULL),(30,'挖掘拘束','100011','100011@phone','$2y$10$ahSk/OfoJeg4tNA5xLKnHeveGqMoSYY7cAtcy2JvUhLhJT8iD.cvq',1,'9803b4c3a51bdabd068be6a456ecedbd',1,'ucglkS1zPajMgFh2UJik7Nc4VJlpF7ypzTaieTyHKbQRuIRW4nEqzPnR6v27','2017-03-23 22:15:57','2017-03-23 22:15:57',NULL),(31,'油封','100012','100012@phone','$2y$10$CuOeGUEvQRaXww8PRjDO1OwDmKQj5SbnG1M9ESDbAGVpxRZNdJaIC',1,'5bf65a4acab3df23379641cc919dead7',1,'hN1mn1n3fDTUvJrgz91VVTjHv3ZAksuPWIGIEY1cBfQSFp3F9EfC9qneiAAb','2017-03-23 22:16:42','2017-03-23 22:16:42',NULL),(32,'132123','100013','100013@phone','$2y$10$.4GlXE3jxMD5OOqpXI18I.PQu.KfiTIVOSedl7CekmHg34lT93CP6',1,'ce23344f95c109baaa418b357d721886',1,'Gl6YzmQtL1Rgtjrkyg3Ka2C89Z73fqRBkw0DPp6bfGVjUbiH7oLoIX8E1kZj','2017-03-23 22:17:26','2017-03-23 22:17:26',NULL),(33,'963','123132','123132@phone','$2y$10$RRdV2gU2Izi6eoHPUkfECu/ysYXnqx19hIJjSaxr8tnU9T6jOQSgq',1,'43876f08418335734f62330873fb1f8a',1,'BLRfosvdXfz6k8UwnjJ5IW5V5UuJGp57qdwFv3ZbH7g8DDJkkyKkt71LS2aC','2017-03-23 22:17:54','2017-03-23 22:17:54',NULL),(35,'qiang','19000000004','19000000004@phone','$2y$10$l2NMGfQgU4Z9X9RDCgfFEOvBXzzO.0yCcsrelNu4zXzdC6DxyZwk2',1,'aabeaa3b039beaf6e138c6f2eb609264',1,'efIq3YED1kTFmCMAMQ36eHcBt5kuoltzn3qBF89dpnS31GjrB8bbvOwewupf','2017-03-24 02:44:30','2017-03-24 02:44:30',NULL),(36,'qiang_user','19000000005','19000000005@phone','$2y$10$EUOmwoccFPkYxY9u8cu2j.vU9S5bxP/6a9/OnzCCrI8YWWpxrkr6q',1,'5faf7e81595d230cf157557ffce96f8f',1,NULL,'2017-03-25 00:00:23','2017-03-25 00:00:23',NULL),(37,'qiang_user','19000000100','19000000100@phone','$2y$10$j0hmu0DyRJOWd26NhHfEN.0b6hRY8CCZ33YsjLXFw3vRzKRUboVwm',1,'19db6f47dd09cc9ba1eb9cd4a24a4fe5',1,NULL,'2017-03-25 00:01:34','2017-03-25 00:01:34',NULL),(38,'qiang_user','19000000101','19000000101@phone','$2y$10$FLZlxECk5v.Y/B79jj8D8uncMZ3MpKzc.RlBvxePBAKlQ4fwOZbdO',1,'7f9d9212f1099e03c29205297d946d50',1,NULL,'2017-03-25 00:03:59','2017-03-25 00:03:59',NULL),(39,'user_qiang','19000000102','19000000102@phone','$2y$10$XhAWUj/rBd74DrR6/Vs1/O/7Nq8/DduO7TRw7HUoT.Cq1Ptu3XOcu',1,'df1fddc118cca668777b793fc8a4d8d3',1,'0JgQRJfMIepNYr6Pr50vRyn6xT6QMBdnybqTiASd67Csi2VBD3VR2DT8YOvO','2017-03-25 00:04:41','2017-03-25 00:04:41',NULL),(40,'agent_qiang','19000000103','19000000103@phone','$2y$10$E.l/np7Wr7xGPml0NvNIMOFVAUMgpP27f2NEbvXtKa12tJ244TQZS',1,'25499c1a72a643cbca5727e2e980eae1',1,'HCLbCqb3C2aLg9WqDgkbEfz1HwVzHWRG9O0EGhSEc51Opn5MAk0jctL5NZ5W','2017-03-25 00:07:45','2017-03-25 00:07:45',NULL),(41,'manu_qiang','19000000104','19000000104@phone','$2y$10$JaLq48pIfjAnI/VML9AuZ.3JcYLI3SO8vhJNpXYjEupKIj.mYaAOW',1,'b7b4323eb2e060f249a39e49a73c3f00',1,'nDR1PWKKtRHp2gTW0xMtilvTnM4TPeq2SuWRg52LGJ7oojfaPOJu9YphyB2h','2017-03-25 00:08:31','2017-03-25 00:08:31',NULL),(42,'qiang-user','19000000099','19000000099@phone','$2y$10$gSBCPly6bYth.Nm7YOlx0ug5lgY5wbyLSrA26/M8XYx2lvweCmjty',1,'c64224ff77835ee9bb96d119b734afdc',1,'ShqYqeuvaRQ3bIhiQXYSdfn6WmQA0QFeynPQqv05AKKMoZ0tXRNdZm0fc4ZM','2017-03-25 00:21:02','2017-03-25 00:21:02',NULL),(43,'qiang-user','19000000098','19000000098@phone','$2y$10$QKjPFzrBnpE7AsZO2tCgdOWXm03EQVcKmRKa/17KC5xRV.v5M7/4m',1,'b93d40a00e1e9b37974b14882531e3b7',1,'CUvCxhIRUQiji8leyRYTbrhejkXjYd3wm4Kv2I6pnMjHsVwU5t62DiPN3kzv','2017-03-25 00:21:47','2017-03-25 00:21:47',NULL),(44,'qiang','19000000031','19000000031@phone','$2y$10$LyCU89B/cIYa/FoJ.QBKnOUOm.O6bstsG7IMizhVzjy/CHSEk8jDu',1,'e03771250c48ae9381a528177bb0a4dd',1,'iYh5Z7y393jkUjyFuRlbh4Ib43OzJYnPpTM4SoNp96qHtBFz5V16wJnfFQ4U','2017-03-25 21:10:13','2017-03-25 21:10:13',NULL);
/*!40000 ALTER TABLE `users` ENABLE KEYS */;
UNLOCK TABLES;
/*!40103 SET TIME_ZONE=@OLD_TIME_ZONE */;

/*!40101 SET SQL_MODE=@OLD_SQL_MODE */;
/*!40014 SET FOREIGN_KEY_CHECKS=@OLD_FOREIGN_KEY_CHECKS */;
/*!40014 SET UNIQUE_CHECKS=@OLD_UNIQUE_CHECKS */;
/*!40101 SET CHARACTER_SET_CLIENT=@OLD_CHARACTER_SET_CLIENT */;
/*!40101 SET CHARACTER_SET_RESULTS=@OLD_CHARACTER_SET_RESULTS */;
/*!40101 SET COLLATION_CONNECTION=@OLD_COLLATION_CONNECTION */;
/*!40111 SET SQL_NOTES=@OLD_SQL_NOTES */;

-- Dump completed on 2017-03-26 17:17:01
